pair_id,label,class_dir,disaster,disaster_type,pre_image,post_image,pre_json,post_json,building_count,no_damage_buildings,minor_damage_buildings,major_damage_buildings,destroyed_buildings
socal-fire_00000881,no-damage,no_damage,socal-fire,fire,Full dataset\train\train\images\socal-fire_00000881_pre_disaster.png,Full dataset\train\train\images\socal-fire_00000881_post_disaster.png,Full dataset\train\train\labels\socal-fire_00000881_pre_disaster.json,Full dataset\train\train\labels\socal-fire_00000881_post_disaster.json,0,0,0,0,0
hurricane-matthew_00000375,no-damage,no_damage,hurricane-matthew,wind,Full dataset\train\train\images\hurricane-matthew_00000375_pre_disaster.png,Full dataset\train\train\images\hurricane-matthew_00000375_post_disaster.png,Full dataset\train\train\labels\hurricane-matthew_00000375_pre_disaster.json,Full dataset\train\train\labels\hurricane-matthew_00000375_post_disaster.json,0,0,0,0,0
hurricane-florence_00000088,major-damage,major_damage,hurricane-florence,flooding,Full dataset\train\train\images\hurricane-florence_00000088_pre_disaster.png,Full dataset\train\train\images\hurricane-florence_00000088_post_disaster.png,Full dataset\train\train\labels\hurricane-florence_00000088_pre_disaster.json,Full dataset\train\train\labels\hurricane-florence_00000088_post_disaster.json,1,0,0,1,0
midwest-flooding_00000062,no-damage,no_damage,midwest-flooding,flooding,Full dataset\train\train\images\midwest-flooding_00000062_pre_disaster.png,Full dataset\train\train\images\midwest-flooding_00000062_post_disaster.png,Full dataset\train\train\labels\midwest-flooding_00000062_pre_disaster.json,Full dataset\train\train\labels\midwest-flooding_00000062_post_disaster.json,190,190,0,0,0
santa-rosa-wildfire_00000252,destroyed,destroyed,santa-rosa-wildfire,fire,Full dataset\train\train\images\santa-rosa-wildfire_00000252_pre_disaster.png,Full dataset\train\train\images\santa-rosa-wildfire_00000252_post_disaster.png,Full dataset\train\train\labels\santa-rosa-wildfire_00000252_pre_disaster.json,Full dataset\train\train\labels\santa-rosa-wildfire_00000252_post_disaster.json,3,0,0,0,3
santa-rosa-wildfire_00000137,destroyed,destroyed,santa-rosa-wildfire,fire,Full dataset\train\train\images\santa-rosa-wildfire_00000137_pre_disaster.png,Full dataset\train\train\images\santa-rosa-wildfire_00000137_post_disaster.png,Full dataset\train\train\labels\santa-rosa-wildfire_00000137_pre_disaster.json,Full dataset\train\train\labels\santa-rosa-wildfire_00000137_post_disaster.json,2,0,0,0,2
midwest-flooding_00000139,destroyed,destroyed,midwest-flooding,flooding,Full dataset\train\train\images\midwest-flooding_00000139_pre_disaster.png,Full dataset\train\train\images\midwest-flooding_00000139_post_disaster.png,Full dataset\train\train\labels\midwest-flooding_00000139_pre_disaster.json,Full dataset\train\train\labels\midwest-flooding_00000139_post_disaster.json,1,0,0,0,1
socal-fire_00001125,no-damage,no_damage,socal-fire,fire,Full dataset\train\train\images\socal-fire_00001125_pre_disaster.png,Full dataset\train\train\images\socal-fire_00001125_post_disaster.png,Full dataset\train\train\labels\socal-fire_00001125_pre_disaster.json,Full dataset\train\train\labels\socal-fire_00001125_post_disaster.json,36,36,0,0,0
socal-fire_00000398,no-damage,no_damage,socal-fire,fire,Full dataset\train\train\images\socal-fire_00000398_pre_disaster.png,Full dataset\train\train\images\socal-fire_00000398_post_disaster.png,Full dataset\train\train\labels\socal-fire_00000398_pre_disaster.json,Full dataset\train\train\labels\socal-fire_00000398_post_disaster.json,0,0,0,0,0
palu-tsunami_00000033,major-damage,major_damage,palu-tsunami,tsunami,Full dataset\train\train\images\palu-tsunami_00000033_pre_disaster.png,Full dataset\train\train\images\palu-tsunami_00000033_post_disaster.png,Full dataset\train\train\labels\palu-tsunami_00000033_pre_disaster.json,Full dataset\train\train\labels\palu-tsunami_00000033_post_disaster.json,19,7,0,4,8
santa-rosa-wildfire_00000235,major-damage,major_damage,santa-rosa-wildfire,fire,Full dataset\train\train\images\santa-rosa-wildfire_00000235_pre_disaster.png,Full dataset\train\train\images\santa-rosa-wildfire_00000235_post_disaster.png,Full dataset\train\train\labels\santa-rosa-wildfire_00000235_pre_disaster.json,Full dataset\train\train\labels\santa-rosa-wildfire_00000235_post_disaster.json,30,11,0,0,19
hurricane-florence_00000048,minor-damage,minor_damage,hurricane-florence,flooding,Full dataset\train\train\images\hurricane-florence_00000048_pre_disaster.png,Full dataset\train\train\images\hurricane-florence_00000048_post_disaster.png,Full dataset\train\train\labels\hurricane-florence_00000048_pre_disaster.json,Full dataset\train\train\labels\hurricane-florence_00000048_post_disaster.json,23,5,5,13,0
socal-fire_00000388,no-damage,no_damage,socal-fire,fire,Full dataset\train\train\images\socal-fire_00000388_pre_disaster.png,Full dataset\train\train\images\socal-fire_00000388_post_disaster.png,Full dataset\train\train\labels\socal-fire_00000388_pre_disaster.json,Full dataset\train\train\labels\socal-fire_00000388_post_disaster.json,0,0,0,0,0
palu-tsunami_00000024,no-damage,no_damage,palu-tsunami,tsunami,Full dataset\train\train\images\palu-tsunami_00000024_pre_disaster.png,Full dataset\train\train\images\palu-tsunami_00000024_post_disaster.png,Full dataset\train\train\labels\palu-tsunami_00000024_pre_disaster.json,Full dataset\train\train\labels\palu-tsunami_00000024_post_disaster.json,473,473,0,0,0
hurricane-matthew_00000009,minor-damage,minor_damage,hurricane-matthew,wind,Full dataset\train\train\images\hurricane-matthew_00000009_pre_disaster.png,Full dataset\train\train\images\hurricane-matthew_00000009_post_disaster.png,Full dataset\train\train\labels\hurricane-matthew_00000009_pre_disaster.json,Full dataset\train\train\labels\hurricane-matthew_00000009_post_disaster.json,21,4,16,0,1
socal-fire_00001271,no-damage,no_damage,socal-fire,fire,Full dataset\train\train\images\socal-fire_00001271_pre_disaster.png,Full dataset\train\train\images\socal-fire_00001271_post_disaster.png,Full dataset\train\train\labels\socal-fire_00001271_pre_disaster.json,Full dataset\train\train\labels\socal-fire_00001271_post_disaster.json,1,1,0,0,0
socal-fire_00001257,no-damage,no_damage,socal-fire,fire,Full dataset\train\train\images\socal-fire_00001257_pre_disaster.png,Full dataset\train\train\images\socal-fire_00001257_post_disaster.png,Full dataset\train\train\labels\socal-fire_00001257_pre_disaster.json,Full dataset\train\train\labels\socal-fire_00001257_post_disaster.json,56,56,0,0,0
hurricane-matthew_00000041,minor-damage,minor_damage,hurricane-matthew,wind,Full dataset\train\train\images\hurricane-matthew_00000041_pre_disaster.png,Full dataset\train\train\images\hurricane-matthew_00000041_post_disaster.png,Full dataset\train\train\labels\hurricane-matthew_00000041_pre_disaster.json,Full dataset\train\train\labels\hurricane-matthew_00000041_post_disaster.json,38,10,27,1,0
hurricane-michael_00000306,minor-damage,minor_damage,hurricane-michael,wind,Full dataset\train\train\images\hurricane-michael_00000306_pre_disaster.png,Full dataset\train\train\images\hurricane-michael_00000306_post_disaster.png,Full dataset\train\train\labels\hurricane-michael_00000306_pre_disaster.json,Full dataset\train\train\labels\hurricane-michael_00000306_post_disaster.json,142,66,61,9,6
santa-rosa-wildfire_00000190,destroyed,destroyed,santa-rosa-wildfire,fire,Full dataset\train\train\images\santa-rosa-wildfire_00000190_pre_disaster.png,Full dataset\train\train\images\santa-rosa-wildfire_00000190_post_disaster.png,Full dataset\train\train\labels\santa-rosa-wildfire_00000190_pre_disaster.json,Full dataset\train\train\labels\santa-rosa-wildfire_00000190_post_disaster.json,18,0,0,1,17
midwest-flooding_00000113,no-damage,no_damage,midwest-flooding,flooding,Full dataset\train\train\images\midwest-flooding_00000113_pre_disaster.png,Full dataset\train\train\images\midwest-flooding_00000113_post_disaster.png,Full dataset\train\train\labels\midwest-flooding_00000113_pre_disaster.json,Full dataset\train\train\labels\midwest-flooding_00000113_post_disaster.json,30,30,0,0,0
palu-tsunami_00000171,no-damage,no_damage,palu-tsunami,tsunami,Full dataset\train\train\images\palu-tsunami_00000171_pre_disaster.png,Full dataset\train\train\images\palu-tsunami_00000171_post_disaster.png,Full dataset\train\train\labels\palu-tsunami_00000171_pre_disaster.json,Full dataset\train\train\labels\palu-tsunami_00000171_post_disaster.json,71,62,0,3,6
santa-rosa-wildfire_00000114,major-damage,major_damage,santa-rosa-wildfire,fire,Full dataset\train\train\images\santa-rosa-wildfire_00000114_pre_disaster.png,Full dataset\train\train\images\santa-rosa-wildfire_00000114_post_disaster.png,Full dataset\train\train\labels\santa-rosa-wildfire_00000114_pre_disaster.json,Full dataset\train\train\labels\santa-rosa-wildfire_00000114_post_disaster.json,30,5,4,1,20
hurricane-florence_00000126,minor-damage,minor_damage,hurricane-florence,flooding,Full dataset\train\train\images\hurricane-florence_00000126_pre_disaster.png,Full dataset\train\train\images\hurricane-florence_00000126_post_disaster.png,Full dataset\train\train\labels\hurricane-florence_00000126_pre_disaster.json,Full dataset\train\train\labels\hurricane-florence_00000126_post_disaster.json,1,0,1,0,0
midwest-flooding_00000330,destroyed,destroyed,midwest-flooding,flooding,Full dataset\train\train\images\midwest-flooding_00000330_pre_disaster.png,Full dataset\train\train\images\midwest-flooding_00000330_post_disaster.png,Full dataset\train\train\labels\midwest-flooding_00000330_pre_disaster.json,Full dataset\train\train\labels\midwest-flooding_00000330_post_disaster.json,4,0,0,2,2
socal-fire_00000232,no-damage,no_damage,socal-fire,fire,Full dataset\train\train\images\socal-fire_00000232_pre_disaster.png,Full dataset\train\train\images\socal-fire_00000232_post_disaster.png,Full dataset\train\train\labels\socal-fire_00000232_pre_disaster.json,Full dataset\train\train\labels\socal-fire_00000232_post_disaster.json,0,0,0,0,0
hurricane-harvey_00000154,major-damage,major_damage,hurricane-harvey,flooding,Full dataset\train\train\images\hurricane-harvey_00000154_pre_disaster.png,Full dataset\train\train\images\hurricane-harvey_00000154_post_disaster.png,Full dataset\train\train\labels\hurricane-harvey_00000154_pre_disaster.json,Full dataset\train\train\labels\hurricane-harvey_00000154_post_disaster.json,33,0,0,33,0
socal-fire_00000089,no-damage,no_damage,socal-fire,fire,Full dataset\train\train\images\socal-fire_00000089_pre_disaster.png,Full dataset\train\train\images\socal-fire_00000089_post_disaster.png,Full dataset\train\train\labels\socal-fire_00000089_pre_disaster.json,Full dataset\train\train\labels\socal-fire_00000089_post_disaster.json,0,0,0,0,0
santa-rosa-wildfire_00000315,destroyed,destroyed,santa-rosa-wildfire,fire,Full dataset\train\train\images\santa-rosa-wildfire_00000315_pre_disaster.png,Full dataset\train\train\images\santa-rosa-wildfire_00000315_post_disaster.png,Full dataset\train\train\labels\santa-rosa-wildfire_00000315_pre_disaster.json,Full dataset\train\train\labels\santa-rosa-wildfire_00000315_post_disaster.json,4,0,0,0,4
hurricane-harvey_00000057,no-damage,no_damage,hurricane-harvey,flooding,Full dataset\train\train\images\hurricane-harvey_00000057_pre_disaster.png,Full dataset\train\train\images\hurricane-harvey_00000057_post_disaster.png,Full dataset\train\train\labels\hurricane-harvey_00000057_pre_disaster.json,Full dataset\train\train\labels\hurricane-harvey_00000057_post_disaster.json,145,145,0,0,0
socal-fire_00000279,destroyed,destroyed,socal-fire,fire,Full dataset\train\train\images\socal-fire_00000279_pre_disaster.png,Full dataset\train\train\images\socal-fire_00000279_post_disaster.png,Full dataset\train\train\labels\socal-fire_00000279_pre_disaster.json,Full dataset\train\train\labels\socal-fire_00000279_post_disaster.json,4,0,0,0,4
santa-rosa-wildfire_00000275,major-damage,major_damage,santa-rosa-wildfire,fire,Full dataset\train\train\images\santa-rosa-wildfire_00000275_pre_disaster.png,Full dataset\train\train\images\santa-rosa-wildfire_00000275_post_disaster.png,Full dataset\train\train\labels\santa-rosa-wildfire_00000275_pre_disaster.json,Full dataset\train\train\labels\santa-rosa-wildfire_00000275_post_disaster.json,8,3,0,0,5
socal-fire_00000399,destroyed,destroyed,socal-fire,fire,Full dataset\train\train\images\socal-fire_00000399_pre_disaster.png,Full dataset\train\train\images\socal-fire_00000399_post_disaster.png,Full dataset\train\train\labels\socal-fire_00000399_pre_disaster.json,Full dataset\train\train\labels\socal-fire_00000399_post_disaster.json,7,0,0,3,4
hurricane-michael_00000299,minor-damage,minor_damage,hurricane-michael,wind,Full dataset\train\train\images\hurricane-michael_00000299_pre_disaster.png,Full dataset\train\train\images\hurricane-michael_00000299_post_disaster.png,Full dataset\train\train\labels\hurricane-michael_00000299_pre_disaster.json,Full dataset\train\train\labels\hurricane-michael_00000299_post_disaster.json,197,100,54,33,10
hurricane-harvey_00000336,minor-damage,minor_damage,hurricane-harvey,flooding,Full dataset\train\train\images\hurricane-harvey_00000336_pre_disaster.png,Full dataset\train\train\images\hurricane-harvey_00000336_post_disaster.png,Full dataset\train\train\labels\hurricane-harvey_00000336_pre_disaster.json,Full dataset\train\train\labels\hurricane-harvey_00000336_post_disaster.json,60,3,25,32,0
hurricane-matthew_00000192,destroyed,destroyed,hurricane-matthew,wind,Full dataset\train\train\images\hurricane-matthew_00000192_pre_disaster.png,Full dataset\train\train\images\hurricane-matthew_00000192_post_disaster.png,Full dataset\train\train\labels\hurricane-matthew_00000192_pre_disaster.json,Full dataset\train\train\labels\hurricane-matthew_00000192_post_disaster.json,6,0,0,0,6
hurricane-michael_00000430,minor-damage,minor_damage,hurricane-michael,wind,Full dataset\train\train\images\hurricane-michael_00000430_pre_disaster.png,Full dataset\train\train\images\hurricane-michael_00000430_post_disaster.png,Full dataset\train\train\labels\hurricane-michael_00000430_pre_disaster.json,Full dataset\train\train\labels\hurricane-michael_00000430_post_disaster.json,7,3,1,3,0
palu-tsunami_00000121,major-damage,major_damage,palu-tsunami,tsunami,Full dataset\train\train\images\palu-tsunami_00000121_pre_disaster.png,Full dataset\train\train\images\palu-tsunami_00000121_post_disaster.png,Full dataset\train\train\labels\palu-tsunami_00000121_pre_disaster.json,Full dataset\train\train\labels\palu-tsunami_00000121_post_disaster.json,10,3,0,2,5
hurricane-michael_00000304,minor-damage,minor_damage,hurricane-michael,wind,Full dataset\train\train\images\hurricane-michael_00000304_pre_disaster.png,Full dataset\train\train\images\hurricane-michael_00000304_post_disaster.png,Full dataset\train\train\labels\hurricane-michael_00000304_pre_disaster.json,Full dataset\train\train\labels\hurricane-michael_00000304_post_disaster.json,153,66,59,28,0
santa-rosa-wildfire_00000091,destroyed,destroyed,santa-rosa-wildfire,fire,Full dataset\train\train\images\santa-rosa-wildfire_00000091_pre_disaster.png,Full dataset\train\train\images\santa-rosa-wildfire_00000091_post_disaster.png,Full dataset\train\train\labels\santa-rosa-wildfire_00000091_pre_disaster.json,Full dataset\train\train\labels\santa-rosa-wildfire_00000091_post_disaster.json,4,0,0,0,4
hurricane-michael_00000112,minor-damage,minor_damage,hurricane-michael,wind,Full dataset\train\train\images\hurricane-michael_00000112_pre_disaster.png,Full dataset\train\train\images\hurricane-michael_00000112_post_disaster.png,Full dataset\train\train\labels\hurricane-michael_00000112_pre_disaster.json,Full dataset\train\train\labels\hurricane-michael_00000112_post_disaster.json,72,42,18,9,3
hurricane-matthew_00000353,no-damage,no_damage,hurricane-matthew,wind,Full dataset\train\train\images\hurricane-matthew_00000353_pre_disaster.png,Full dataset\train\train\images\hurricane-matthew_00000353_post_disaster.png,Full dataset\train\train\labels\hurricane-matthew_00000353_pre_disaster.json,Full dataset\train\train\labels\hurricane-matthew_00000353_post_disaster.json,56,48,6,1,1
hurricane-michael_00000514,no-damage,no_damage,hurricane-michael,wind,Full dataset\train\train\images\hurricane-michael_00000514_pre_disaster.png,Full dataset\train\train\images\hurricane-michael_00000514_post_disaster.png,Full dataset\train\train\labels\hurricane-michael_00000514_pre_disaster.json,Full dataset\train\train\labels\hurricane-michael_00000514_post_disaster.json,30,28,1,1,0
hurricane-matthew_00000281,destroyed,destroyed,hurricane-matthew,wind,Full dataset\train\train\images\hurricane-matthew_00000281_pre_disaster.png,Full dataset\train\train\images\hurricane-matthew_00000281_post_disaster.png,Full dataset\train\train\labels\hurricane-matthew_00000281_pre_disaster.json,Full dataset\train\train\labels\hurricane-matthew_00000281_post_disaster.json,13,0,1,1,11
midwest-flooding_00000347,no-damage,no_damage,midwest-flooding,flooding,Full dataset\train\train\images\midwest-flooding_00000347_pre_disaster.png,Full dataset\train\train\images\midwest-flooding_00000347_post_disaster.png,Full dataset\train\train\labels\midwest-flooding_00000347_pre_disaster.json,Full dataset\train\train\labels\midwest-flooding_00000347_post_disaster.json,15,10,5,0,0
hurricane-matthew_00000221,major-damage,major_damage,hurricane-matthew,wind,Full dataset\train\train\images\hurricane-matthew_00000221_pre_disaster.png,Full dataset\train\train\images\hurricane-matthew_00000221_post_disaster.png,Full dataset\train\train\labels\hurricane-matthew_00000221_pre_disaster.json,Full dataset\train\train\labels\hurricane-matthew_00000221_post_disaster.json,22,0,4,8,10
hurricane-matthew_00000154,major-damage,major_damage,hurricane-matthew,wind,Full dataset\train\train\images\hurricane-matthew_00000154_pre_disaster.png,Full dataset\train\train\images\hurricane-matthew_00000154_post_disaster.png,Full dataset\train\train\labels\hurricane-matthew_00000154_pre_disaster.json,Full dataset\train\train\labels\hurricane-matthew_00000154_post_disaster.json,13,0,3,2,8
socal-fire_00001104,minor-damage,minor_damage,socal-fire,fire,Full dataset\train\train\images\socal-fire_00001104_pre_disaster.png,Full dataset\train\train\images\socal-fire_00001104_post_disaster.png,Full dataset\train\train\labels\socal-fire_00001104_pre_disaster.json,Full dataset\train\train\labels\socal-fire_00001104_post_disaster.json,30,22,0,2,6
santa-rosa-wildfire_00000209,destroyed,destroyed,santa-rosa-wildfire,fire,Full dataset\train\train\images\santa-rosa-wildfire_00000209_pre_disaster.png,Full dataset\train\train\images\santa-rosa-wildfire_00000209_post_disaster.png,Full dataset\train\train\labels\santa-rosa-wildfire_00000209_pre_disaster.json,Full dataset\train\train\labels\santa-rosa-wildfire_00000209_post_disaster.json,31,3,2,0,26
hurricane-michael_00000166,minor-damage,minor_damage,hurricane-michael,wind,Full dataset\train\train\images\hurricane-michael_00000166_pre_disaster.png,Full dataset\train\train\images\hurricane-michael_00000166_post_disaster.png,Full dataset\train\train\labels\hurricane-michael_00000166_pre_disaster.json,Full dataset\train\train\labels\hurricane-michael_00000166_post_disaster.json,8,3,1,4,0
santa-rosa-wildfire_00000017,major-damage,major_damage,santa-rosa-wildfire,fire,Full dataset\train\train\images\santa-rosa-wildfire_00000017_pre_disaster.png,Full dataset\train\train\images\santa-rosa-wildfire_00000017_post_disaster.png,Full dataset\train\train\labels\santa-rosa-wildfire_00000017_pre_disaster.json,Full dataset\train\train\labels\santa-rosa-wildfire_00000017_post_disaster.json,2,1,0,0,1
midwest-flooding_00000252,no-damage,no_damage,midwest-flooding,flooding,Full dataset\train\train\images\midwest-flooding_00000252_pre_disaster.png,Full dataset\train\train\images\midwest-flooding_00000252_post_disaster.png,Full dataset\train\train\labels\midwest-flooding_00000252_pre_disaster.json,Full dataset\train\train\labels\midwest-flooding_00000252_post_disaster.json,60,59,0,0,1
hurricane-harvey_00000196,minor-damage,minor_damage,hurricane-harvey,flooding,Full dataset\train\train\images\hurricane-harvey_00000196_pre_disaster.png,Full dataset\train\train\images\hurricane-harvey_00000196_post_disaster.png,Full dataset\train\train\labels\hurricane-harvey_00000196_pre_disaster.json,Full dataset\train\train\labels\hurricane-harvey_00000196_post_disaster.json,2,0,2,0,0
hurricane-harvey_00000446,no-damage,no_damage,hurricane-harvey,flooding,Full dataset\train\train\images\hurricane-harvey_00000446_pre_disaster.png,Full dataset\train\train\images\hurricane-harvey_00000446_post_disaster.png,Full dataset\train\train\labels\hurricane-harvey_00000446_pre_disaster.json,Full dataset\train\train\labels\hurricane-harvey_00000446_post_disaster.json,157,157,0,0,0
socal-fire_00000015,no-damage,no_damage,socal-fire,fire,Full dataset\train\train\images\socal-fire_00000015_pre_disaster.png,Full dataset\train\train\images\socal-fire_00000015_post_disaster.png,Full dataset\train\train\labels\socal-fire_00000015_pre_disaster.json,Full dataset\train\train\labels\socal-fire_00000015_post_disaster.json,0,0,0,0,0
palu-tsunami_00000087,no-damage,no_damage,palu-tsunami,tsunami,Full dataset\train\train\images\palu-tsunami_00000087_pre_disaster.png,Full dataset\train\train\images\palu-tsunami_00000087_post_disaster.png,Full dataset\train\train\labels\palu-tsunami_00000087_pre_disaster.json,Full dataset\train\train\labels\palu-tsunami_00000087_post_disaster.json,1187,1185,0,0,2
socal-fire_00000079,no-damage,no_damage,socal-fire,fire,Full dataset\train\train\images\socal-fire_00000079_pre_disaster.png,Full dataset\train\train\images\socal-fire_00000079_post_disaster.png,Full dataset\train\train\labels\socal-fire_00000079_pre_disaster.json,Full dataset\train\train\labels\socal-fire_00000079_post_disaster.json,0,0,0,0,0
santa-rosa-wildfire_00000237,destroyed,destroyed,santa-rosa-wildfire,fire,Full dataset\train\train\images\santa-rosa-wildfire_00000237_pre_disaster.png,Full dataset\train\train\images\santa-rosa-wildfire_00000237_post_disaster.png,Full dataset\train\train\labels\santa-rosa-wildfire_00000237_pre_disaster.json,Full dataset\train\train\labels\santa-rosa-wildfire_00000237_post_disaster.json,22,1,0,0,21
socal-fire_00000358,destroyed,destroyed,socal-fire,fire,Full dataset\train\train\images\socal-fire_00000358_pre_disaster.png,Full dataset\train\train\images\socal-fire_00000358_post_disaster.png,Full dataset\train\train\labels\socal-fire_00000358_pre_disaster.json,Full dataset\train\train\labels\socal-fire_00000358_post_disaster.json,17,1,0,0,16
midwest-flooding_00000076,no-damage,no_damage,midwest-flooding,flooding,Full dataset\train\train\images\midwest-flooding_00000076_pre_disaster.png,Full dataset\train\train\images\midwest-flooding_00000076_post_disaster.png,Full dataset\train\train\labels\midwest-flooding_00000076_pre_disaster.json,Full dataset\train\train\labels\midwest-flooding_00000076_post_disaster.json,5,4,1,0,0
socal-fire_00000465,no-damage,no_damage,socal-fire,fire,Full dataset\train\train\images\socal-fire_00000465_pre_disaster.png,Full dataset\train\train\images\socal-fire_00000465_post_disaster.png,Full dataset\train\train\labels\socal-fire_00000465_pre_disaster.json,Full dataset\train\train\labels\socal-fire_00000465_post_disaster.json,0,0,0,0,0
hurricane-michael_00000225,minor-damage,minor_damage,hurricane-michael,wind,Full dataset\train\train\images\hurricane-michael_00000225_pre_disaster.png,Full dataset\train\train\images\hurricane-michael_00000225_post_disaster.png,Full dataset\train\train\labels\hurricane-michael_00000225_pre_disaster.json,Full dataset\train\train\labels\hurricane-michael_00000225_post_disaster.json,42,20,18,4,0
socal-fire_00000553,no-damage,no_damage,socal-fire,fire,Full dataset\train\train\images\socal-fire_00000553_pre_disaster.png,Full dataset\train\train\images\socal-fire_00000553_post_disaster.png,Full dataset\train\train\labels\socal-fire_00000553_pre_disaster.json,Full dataset\train\train\labels\socal-fire_00000553_post_disaster.json,2,2,0,0,0
socal-fire_00001215,no-damage,no_damage,socal-fire,fire,Full dataset\train\train\images\socal-fire_00001215_pre_disaster.png,Full dataset\train\train\images\socal-fire_00001215_post_disaster.png,Full dataset\train\train\labels\socal-fire_00001215_pre_disaster.json,Full dataset\train\train\labels\socal-fire_00001215_post_disaster.json,0,0,0,0,0
hurricane-florence_00000122,minor-damage,minor_damage,hurricane-florence,flooding,Full dataset\train\train\images\hurricane-florence_00000122_pre_disaster.png,Full dataset\train\train\images\hurricane-florence_00000122_post_disaster.png,Full dataset\train\train\labels\hurricane-florence_00000122_pre_disaster.json,Full dataset\train\train\labels\hurricane-florence_00000122_post_disaster.json,3,0,3,0,0
santa-rosa-wildfire_00000376,minor-damage,minor_damage,santa-rosa-wildfire,fire,Full dataset\train\train\images\santa-rosa-wildfire_00000376_pre_disaster.png,Full dataset\train\train\images\santa-rosa-wildfire_00000376_post_disaster.png,Full dataset\train\train\labels\santa-rosa-wildfire_00000376_pre_disaster.json,Full dataset\train\train\labels\santa-rosa-wildfire_00000376_post_disaster.json,41,30,0,2,9
hurricane-michael_00000243,minor-damage,minor_damage,hurricane-michael,wind,Full dataset\train\train\images\hurricane-michael_00000243_pre_disaster.png,Full dataset\train\train\images\hurricane-michael_00000243_post_disaster.png,Full dataset\train\train\labels\hurricane-michael_00000243_pre_disaster.json,Full dataset\train\train\labels\hurricane-michael_00000243_post_disaster.json,103,49,36,15,3
santa-rosa-wildfire_00000301,minor-damage,minor_damage,santa-rosa-wildfire,fire,Full dataset\train\train\images\santa-rosa-wildfire_00000301_pre_disaster.png,Full dataset\train\train\images\santa-rosa-wildfire_00000301_post_disaster.png,Full dataset\train\train\labels\santa-rosa-wildfire_00000301_pre_disaster.json,Full dataset\train\train\labels\santa-rosa-wildfire_00000301_post_disaster.json,10,7,1,0,2
palu-tsunami_00000152,no-damage,no_damage,palu-tsunami,tsunami,Full dataset\train\train\images\palu-tsunami_00000152_pre_disaster.png,Full dataset\train\train\images\palu-tsunami_00000152_post_disaster.png,Full dataset\train\train\labels\palu-tsunami_00000152_pre_disaster.json,Full dataset\train\train\labels\palu-tsunami_00000152_post_disaster.json,801,798,0,2,1
hurricane-michael_00000511,no-damage,no_damage,hurricane-michael,wind,Full dataset\train\train\images\hurricane-michael_00000511_pre_disaster.png,Full dataset\train\train\images\hurricane-michael_00000511_post_disaster.png,Full dataset\train\train\labels\hurricane-michael_00000511_pre_disaster.json,Full dataset\train\train\labels\hurricane-michael_00000511_post_disaster.json,165,141,20,4,0
hurricane-harvey_00000332,major-damage,major_damage,hurricane-harvey,flooding,Full dataset\train\train\images\hurricane-harvey_00000332_pre_disaster.png,Full dataset\train\train\images\hurricane-harvey_00000332_post_disaster.png,Full dataset\train\train\labels\hurricane-harvey_00000332_pre_disaster.json,Full dataset\train\train\labels\hurricane-harvey_00000332_post_disaster.json,5,0,0,5,0
socal-fire_00000507,no-damage,no_damage,socal-fire,fire,Full dataset\train\train\images\socal-fire_00000507_pre_disaster.png,Full dataset\train\train\images\socal-fire_00000507_post_disaster.png,Full dataset\train\train\labels\socal-fire_00000507_pre_disaster.json,Full dataset\train\train\labels\socal-fire_00000507_post_disaster.json,50,50,0,0,0
hurricane-florence_00000064,no-damage,no_damage,hurricane-florence,flooding,Full dataset\train\train\images\hurricane-florence_00000064_pre_disaster.png,Full dataset\train\train\images\hurricane-florence_00000064_post_disaster.png,Full dataset\train\train\labels\hurricane-florence_00000064_pre_disaster.json,Full dataset\train\train\labels\hurricane-florence_00000064_post_disaster.json,36,36,0,0,0
hurricane-matthew_00000119,destroyed,destroyed,hurricane-matthew,wind,Full dataset\train\train\images\hurricane-matthew_00000119_pre_disaster.png,Full dataset\train\train\images\hurricane-matthew_00000119_post_disaster.png,Full dataset\train\train\labels\hurricane-matthew_00000119_pre_disaster.json,Full dataset\train\train\labels\hurricane-matthew_00000119_post_disaster.json,1,0,0,0,1
socal-fire_00000392,no-damage,no_damage,socal-fire,fire,Full dataset\train\train\images\socal-fire_00000392_pre_disaster.png,Full dataset\train\train\images\socal-fire_00000392_post_disaster.png,Full dataset\train\train\labels\socal-fire_00000392_pre_disaster.json,Full dataset\train\train\labels\socal-fire_00000392_post_disaster.json,0,0,0,0,0
hurricane-michael_00000207,minor-damage,minor_damage,hurricane-michael,wind,Full dataset\train\train\images\hurricane-michael_00000207_pre_disaster.png,Full dataset\train\train\images\hurricane-michael_00000207_post_disaster.png,Full dataset\train\train\labels\hurricane-michael_00000207_pre_disaster.json,Full dataset\train\train\labels\hurricane-michael_00000207_post_disaster.json,60,33,16,7,4
santa-rosa-wildfire_00000351,major-damage,major_damage,santa-rosa-wildfire,fire,Full dataset\train\train\images\santa-rosa-wildfire_00000351_pre_disaster.png,Full dataset\train\train\images\santa-rosa-wildfire_00000351_post_disaster.png,Full dataset\train\train\labels\santa-rosa-wildfire_00000351_pre_disaster.json,Full dataset\train\train\labels\santa-rosa-wildfire_00000351_post_disaster.json,22,11,0,0,11
hurricane-florence_00000153,major-damage,major_damage,hurricane-florence,flooding,Full dataset\train\train\images\hurricane-florence_00000153_pre_disaster.png,Full dataset\train\train\images\hurricane-florence_00000153_post_disaster.png,Full dataset\train\train\labels\hurricane-florence_00000153_pre_disaster.json,Full dataset\train\train\labels\hurricane-florence_00000153_post_disaster.json,16,0,3,13,0
hurricane-michael_00000098,no-damage,no_damage,hurricane-michael,wind,Full dataset\train\train\images\hurricane-michael_00000098_pre_disaster.png,Full dataset\train\train\images\hurricane-michael_00000098_post_disaster.png,Full dataset\train\train\labels\hurricane-michael_00000098_pre_disaster.json,Full dataset\train\train\labels\hurricane-michael_00000098_post_disaster.json,26,16,10,0,0
hurricane-florence_00000123,major-damage,major_damage,hurricane-florence,flooding,Full dataset\train\train\images\hurricane-florence_00000123_pre_disaster.png,Full dataset\train\train\images\hurricane-florence_00000123_post_disaster.png,Full dataset\train\train\labels\hurricane-florence_00000123_pre_disaster.json,Full dataset\train\train\labels\hurricane-florence_00000123_post_disaster.json,6,0,0,6,0
santa-rosa-wildfire_00000220,major-damage,major_damage,santa-rosa-wildfire,fire,Full dataset\train\train\images\santa-rosa-wildfire_00000220_pre_disaster.png,Full dataset\train\train\images\santa-rosa-wildfire_00000220_post_disaster.png,Full dataset\train\train\labels\santa-rosa-wildfire_00000220_pre_disaster.json,Full dataset\train\train\labels\santa-rosa-wildfire_00000220_post_disaster.json,41,2,7,5,27
socal-fire_00001195,no-damage,no_damage,socal-fire,fire,Full dataset\train\train\images\socal-fire_00001195_pre_disaster.png,Full dataset\train\train\images\socal-fire_00001195_post_disaster.png,Full dataset\train\train\labels\socal-fire_00001195_pre_disaster.json,Full dataset\train\train\labels\socal-fire_00001195_post_disaster.json,0,0,0,0,0
palu-tsunami_00000136,minor-damage,minor_damage,palu-tsunami,tsunami,Full dataset\train\train\images\palu-tsunami_00000136_pre_disaster.png,Full dataset\train\train\images\palu-tsunami_00000136_post_disaster.png,Full dataset\train\train\labels\palu-tsunami_00000136_pre_disaster.json,Full dataset\train\train\labels\palu-tsunami_00000136_post_disaster.json,294,171,0,24,99
socal-fire_00000312,no-damage,no_damage,socal-fire,fire,Full dataset\train\train\images\socal-fire_00000312_pre_disaster.png,Full dataset\train\train\images\socal-fire_00000312_post_disaster.png,Full dataset\train\train\labels\socal-fire_00000312_pre_disaster.json,Full dataset\train\train\labels\socal-fire_00000312_post_disaster.json,114,106,0,0,8
mexico-earthquake_00000017,no-damage,no_damage,mexico-earthquake,earthquake,Full dataset\train\train\images\mexico-earthquake_00000017_pre_disaster.png,Full dataset\train\train\images\mexico-earthquake_00000017_post_disaster.png,Full dataset\train\train\labels\mexico-earthquake_00000017_pre_disaster.json,Full dataset\train\train\labels\mexico-earthquake_00000017_post_disaster.json,320,320,0,0,0
hurricane-matthew_00000171,destroyed,destroyed,hurricane-matthew,wind,Full dataset\train\train\images\hurricane-matthew_00000171_pre_disaster.png,Full dataset\train\train\images\hurricane-matthew_00000171_post_disaster.png,Full dataset\train\train\labels\hurricane-matthew_00000171_pre_disaster.json,Full dataset\train\train\labels\hurricane-matthew_00000171_post_disaster.json,31,0,1,7,23
hurricane-harvey_00000251,destroyed,destroyed,hurricane-harvey,flooding,Full dataset\train\train\images\hurricane-harvey_00000251_pre_disaster.png,Full dataset\train\train\images\hurricane-harvey_00000251_post_disaster.png,Full dataset\train\train\labels\hurricane-harvey_00000251_pre_disaster.json,Full dataset\train\train\labels\hurricane-harvey_00000251_post_disaster.json,2,0,0,1,1
hurricane-michael_00000293,minor-damage,minor_damage,hurricane-michael,wind,Full dataset\train\train\images\hurricane-michael_00000293_pre_disaster.png,Full dataset\train\train\images\hurricane-michael_00000293_post_disaster.png,Full dataset\train\train\labels\hurricane-michael_00000293_pre_disaster.json,Full dataset\train\train\labels\hurricane-michael_00000293_post_disaster.json,27,7,7,11,2
socal-fire_00001077,no-damage,no_damage,socal-fire,fire,Full dataset\train\train\images\socal-fire_00001077_pre_disaster.png,Full dataset\train\train\images\socal-fire_00001077_post_disaster.png,Full dataset\train\train\labels\socal-fire_00001077_pre_disaster.json,Full dataset\train\train\labels\socal-fire_00001077_post_disaster.json,0,0,0,0,0
santa-rosa-wildfire_00000362,no-damage,no_damage,santa-rosa-wildfire,fire,Full dataset\train\train\images\santa-rosa-wildfire_00000362_pre_disaster.png,Full dataset\train\train\images\santa-rosa-wildfire_00000362_post_disaster.png,Full dataset\train\train\labels\santa-rosa-wildfire_00000362_pre_disaster.json,Full dataset\train\train\labels\santa-rosa-wildfire_00000362_post_disaster.json,59,59,0,0,0
hurricane-harvey_00000333,major-damage,major_damage,hurricane-harvey,flooding,Full dataset\train\train\images\hurricane-harvey_00000333_pre_disaster.png,Full dataset\train\train\images\hurricane-harvey_00000333_post_disaster.png,Full dataset\train\train\labels\hurricane-harvey_00000333_pre_disaster.json,Full dataset\train\train\labels\hurricane-harvey_00000333_post_disaster.json,63,0,6,57,0
santa-rosa-wildfire_00000333,minor-damage,minor_damage,santa-rosa-wildfire,fire,Full dataset\train\train\images\santa-rosa-wildfire_00000333_pre_disaster.png,Full dataset\train\train\images\santa-rosa-wildfire_00000333_post_disaster.png,Full dataset\train\train\labels\santa-rosa-wildfire_00000333_pre_disaster.json,Full dataset\train\train\labels\santa-rosa-wildfire_00000333_post_disaster.json,27,16,0,0,11
socal-fire_00000792,minor-damage,minor_damage,socal-fire,fire,Full dataset\train\train\images\socal-fire_00000792_pre_disaster.png,Full dataset\train\train\images\socal-fire_00000792_post_disaster.png,Full dataset\train\train\labels\socal-fire_00000792_pre_disaster.json,Full dataset\train\train\labels\socal-fire_00000792_post_disaster.json,28,22,0,0,6
hurricane-michael_00000451,minor-damage,minor_damage,hurricane-michael,wind,Full dataset\train\train\images\hurricane-michael_00000451_pre_disaster.png,Full dataset\train\train\images\hurricane-michael_00000451_post_disaster.png,Full dataset\train\train\labels\hurricane-michael_00000451_pre_disaster.json,Full dataset\train\train\labels\hurricane-michael_00000451_post_disaster.json,154,82,46,21,5
hurricane-harvey_00000012,no-damage,no_damage,hurricane-harvey,flooding,Full dataset\train\train\images\hurricane-harvey_00000012_pre_disaster.png,Full dataset\train\train\images\hurricane-harvey_00000012_post_disaster.png,Full dataset\train\train\labels\hurricane-harvey_00000012_pre_disaster.json,Full dataset\train\train\labels\hurricane-harvey_00000012_post_disaster.json,78,78,0,0,0
hurricane-florence_00000427,major-damage,major_damage,hurricane-florence,flooding,Full dataset\train\train\images\hurricane-florence_00000427_pre_disaster.png,Full dataset\train\train\images\hurricane-florence_00000427_post_disaster.png,Full dataset\train\train\labels\hurricane-florence_00000427_pre_disaster.json,Full dataset\train\train\labels\hurricane-florence_00000427_post_disaster.json,1,0,0,1,0
hurricane-matthew_00000202,major-damage,major_damage,hurricane-matthew,wind,Full dataset\train\train\images\hurricane-matthew_00000202_pre_disaster.png,Full dataset\train\train\images\hurricane-matthew_00000202_post_disaster.png,Full dataset\train\train\labels\hurricane-matthew_00000202_pre_disaster.json,Full dataset\train\train\labels\hurricane-matthew_00000202_post_disaster.json,12,0,2,5,5
socal-fire_00000106,destroyed,destroyed,socal-fire,fire,Full dataset\train\train\images\socal-fire_00000106_pre_disaster.png,Full dataset\train\train\images\socal-fire_00000106_post_disaster.png,Full dataset\train\train\labels\socal-fire_00000106_pre_disaster.json,Full dataset\train\train\labels\socal-fire_00000106_post_disaster.json,5,0,0,0,5
hurricane-matthew_00000002,minor-damage,minor_damage,hurricane-matthew,wind,Full dataset\train\train\images\hurricane-matthew_00000002_pre_disaster.png,Full dataset\train\train\images\hurricane-matthew_00000002_post_disaster.png,Full dataset\train\train\labels\hurricane-matthew_00000002_pre_disaster.json,Full dataset\train\train\labels\hurricane-matthew_00000002_post_disaster.json,38,4,27,6,1
hurricane-florence_00000259,major-damage,major_damage,hurricane-florence,flooding,Full dataset\train\train\images\hurricane-florence_00000259_pre_disaster.png,Full dataset\train\train\images\hurricane-florence_00000259_post_disaster.png,Full dataset\train\train\labels\hurricane-florence_00000259_pre_disaster.json,Full dataset\train\train\labels\hurricane-florence_00000259_post_disaster.json,11,0,0,11,0
guatemala-volcano_00000025,destroyed,destroyed,guatemala-volcano,volcano,Full dataset\train\train\images\guatemala-volcano_00000025_pre_disaster.png,Full dataset\train\train\images\guatemala-volcano_00000025_post_disaster.png,Full dataset\train\train\labels\guatemala-volcano_00000025_pre_disaster.json,Full dataset\train\train\labels\guatemala-volcano_00000025_post_disaster.json,27,0,0,6,21
hurricane-harvey_00000309,destroyed,destroyed,hurricane-harvey,flooding,Full dataset\train\train\images\hurricane-harvey_00000309_pre_disaster.png,Full dataset\train\train\images\hurricane-harvey_00000309_post_disaster.png,Full dataset\train\train\labels\hurricane-harvey_00000309_pre_disaster.json,Full dataset\train\train\labels\hurricane-harvey_00000309_post_disaster.json,5,0,0,0,5
hurricane-matthew_00000341,major-damage,major_damage,hurricane-matthew,wind,Full dataset\train\train\images\hurricane-matthew_00000341_pre_disaster.png,Full dataset\train\train\images\hurricane-matthew_00000341_post_disaster.png,Full dataset\train\train\labels\hurricane-matthew_00000341_pre_disaster.json,Full dataset\train\train\labels\hurricane-matthew_00000341_post_disaster.json,19,0,7,4,8
hurricane-harvey_00000482,minor-damage,minor_damage,hurricane-harvey,flooding,Full dataset\train\train\images\hurricane-harvey_00000482_pre_disaster.png,Full dataset\train\train\images\hurricane-harvey_00000482_post_disaster.png,Full dataset\train\train\labels\hurricane-harvey_00000482_pre_disaster.json,Full dataset\train\train\labels\hurricane-harvey_00000482_post_disaster.json,60,0,35,25,0
socal-fire_00000141,no-damage,no_damage,socal-fire,fire,Full dataset\train\train\images\socal-fire_00000141_pre_disaster.png,Full dataset\train\train\images\socal-fire_00000141_post_disaster.png,Full dataset\train\train\labels\socal-fire_00000141_pre_disaster.json,Full dataset\train\train\labels\socal-fire_00000141_post_disaster.json,0,0,0,0,0
hurricane-harvey_00000080,no-damage,no_damage,hurricane-harvey,flooding,Full dataset\train\train\images\hurricane-harvey_00000080_pre_disaster.png,Full dataset\train\train\images\hurricane-harvey_00000080_post_disaster.png,Full dataset\train\train\labels\hurricane-harvey_00000080_pre_disaster.json,Full dataset\train\train\labels\hurricane-harvey_00000080_post_disaster.json,11,11,0,0,0
socal-fire_00000343,destroyed,destroyed,socal-fire,fire,Full dataset\train\train\images\socal-fire_00000343_pre_disaster.png,Full dataset\train\train\images\socal-fire_00000343_post_disaster.png,Full dataset\train\train\labels\socal-fire_00000343_pre_disaster.json,Full dataset\train\train\labels\socal-fire_00000343_post_disaster.json,3,0,0,1,2
socal-fire_00000051,no-damage,no_damage,socal-fire,fire,Full dataset\train\train\images\socal-fire_00000051_pre_disaster.png,Full dataset\train\train\images\socal-fire_00000051_post_disaster.png,Full dataset\train\train\labels\socal-fire_00000051_pre_disaster.json,Full dataset\train\train\labels\socal-fire_00000051_post_disaster.json,0,0,0,0,0
hurricane-matthew_00000263,destroyed,destroyed,hurricane-matthew,wind,Full dataset\train\train\images\hurricane-matthew_00000263_pre_disaster.png,Full dataset\train\train\images\hurricane-matthew_00000263_post_disaster.png,Full dataset\train\train\labels\hurricane-matthew_00000263_pre_disaster.json,Full dataset\train\train\labels\hurricane-matthew_00000263_post_disaster.json,29,0,4,1,24
santa-rosa-wildfire_00000125,no-damage,no_damage,santa-rosa-wildfire,fire,Full dataset\train\train\images\santa-rosa-wildfire_00000125_pre_disaster.png,Full dataset\train\train\images\santa-rosa-wildfire_00000125_post_disaster.png,Full dataset\train\train\labels\santa-rosa-wildfire_00000125_pre_disaster.json,Full dataset\train\train\labels\santa-rosa-wildfire_00000125_post_disaster.json,0,0,0,0,0
santa-rosa-wildfire_00000158,destroyed,destroyed,santa-rosa-wildfire,fire,Full dataset\train\train\images\santa-rosa-wildfire_00000158_pre_disaster.png,Full dataset\train\train\images\santa-rosa-wildfire_00000158_post_disaster.png,Full dataset\train\train\labels\santa-rosa-wildfire_00000158_pre_disaster.json,Full dataset\train\train\labels\santa-rosa-wildfire_00000158_post_disaster.json,12,2,0,0,10
hurricane-florence_00000411,minor-damage,minor_damage,hurricane-florence,flooding,Full dataset\train\train\images\hurricane-florence_00000411_pre_disaster.png,Full dataset\train\train\images\hurricane-florence_00000411_post_disaster.png,Full dataset\train\train\labels\hurricane-florence_00000411_pre_disaster.json,Full dataset\train\train\labels\hurricane-florence_00000411_post_disaster.json,32,13,0,19,0
hurricane-michael_00000494,minor-damage,minor_damage,hurricane-michael,wind,Full dataset\train\train\images\hurricane-michael_00000494_pre_disaster.png,Full dataset\train\train\images\hurricane-michael_00000494_post_disaster.png,Full dataset\train\train\labels\hurricane-michael_00000494_pre_disaster.json,Full dataset\train\train\labels\hurricane-michael_00000494_post_disaster.json,112,63,41,8,0
santa-rosa-wildfire_00000031,destroyed,destroyed,santa-rosa-wildfire,fire,Full dataset\train\train\images\santa-rosa-wildfire_00000031_pre_disaster.png,Full dataset\train\train\images\santa-rosa-wildfire_00000031_post_disaster.png,Full dataset\train\train\labels\santa-rosa-wildfire_00000031_pre_disaster.json,Full dataset\train\train\labels\santa-rosa-wildfire_00000031_post_disaster.json,27,4,0,0,23
hurricane-matthew_00000094,minor-damage,minor_damage,hurricane-matthew,wind,Full dataset\train\train\images\hurricane-matthew_00000094_pre_disaster.png,Full dataset\train\train\images\hurricane-matthew_00000094_post_disaster.png,Full dataset\train\train\labels\hurricane-matthew_00000094_pre_disaster.json,Full dataset\train\train\labels\hurricane-matthew_00000094_post_disaster.json,51,0,44,7,0
hurricane-florence_00000193,minor-damage,minor_damage,hurricane-florence,flooding,Full dataset\train\train\images\hurricane-florence_00000193_pre_disaster.png,Full dataset\train\train\images\hurricane-florence_00000193_post_disaster.png,Full dataset\train\train\labels\hurricane-florence_00000193_pre_disaster.json,Full dataset\train\train\labels\hurricane-florence_00000193_post_disaster.json,10,5,0,5,0
santa-rosa-wildfire_00000130,destroyed,destroyed,santa-rosa-wildfire,fire,Full dataset\train\train\images\santa-rosa-wildfire_00000130_pre_disaster.png,Full dataset\train\train\images\santa-rosa-wildfire_00000130_post_disaster.png,Full dataset\train\train\labels\santa-rosa-wildfire_00000130_pre_disaster.json,Full dataset\train\train\labels\santa-rosa-wildfire_00000130_post_disaster.json,50,0,0,0,50
hurricane-harvey_00000351,major-damage,major_damage,hurricane-harvey,flooding,Full dataset\train\train\images\hurricane-harvey_00000351_pre_disaster.png,Full dataset\train\train\images\hurricane-harvey_00000351_post_disaster.png,Full dataset\train\train\labels\hurricane-harvey_00000351_pre_disaster.json,Full dataset\train\train\labels\hurricane-harvey_00000351_post_disaster.json,108,0,47,61,0
hurricane-michael_00000101,minor-damage,minor_damage,hurricane-michael,wind,Full dataset\train\train\images\hurricane-michael_00000101_pre_disaster.png,Full dataset\train\train\images\hurricane-michael_00000101_post_disaster.png,Full dataset\train\train\labels\hurricane-michael_00000101_pre_disaster.json,Full dataset\train\train\labels\hurricane-michael_00000101_post_disaster.json,21,6,10,2,3
santa-rosa-wildfire_00000164,destroyed,destroyed,santa-rosa-wildfire,fire,Full dataset\train\train\images\santa-rosa-wildfire_00000164_pre_disaster.png,Full dataset\train\train\images\santa-rosa-wildfire_00000164_post_disaster.png,Full dataset\train\train\labels\santa-rosa-wildfire_00000164_pre_disaster.json,Full dataset\train\train\labels\santa-rosa-wildfire_00000164_post_disaster.json,19,0,0,0,19
socal-fire_00000290,major-damage,major_damage,socal-fire,fire,Full dataset\train\train\images\socal-fire_00000290_pre_disaster.png,Full dataset\train\train\images\socal-fire_00000290_post_disaster.png,Full dataset\train\train\labels\socal-fire_00000290_pre_disaster.json,Full dataset\train\train\labels\socal-fire_00000290_post_disaster.json,5,1,1,0,3
socal-fire_00000807,no-damage,no_damage,socal-fire,fire,Full dataset\train\train\images\socal-fire_00000807_pre_disaster.png,Full dataset\train\train\images\socal-fire_00000807_post_disaster.png,Full dataset\train\train\labels\socal-fire_00000807_pre_disaster.json,Full dataset\train\train\labels\socal-fire_00000807_post_disaster.json,0,0,0,0,0
hurricane-matthew_00000275,destroyed,destroyed,hurricane-matthew,wind,Full dataset\train\train\images\hurricane-matthew_00000275_pre_disaster.png,Full dataset\train\train\images\hurricane-matthew_00000275_post_disaster.png,Full dataset\train\train\labels\hurricane-matthew_00000275_pre_disaster.json,Full dataset\train\train\labels\hurricane-matthew_00000275_post_disaster.json,11,0,0,0,11
santa-rosa-wildfire_00000003,no-damage,no_damage,santa-rosa-wildfire,fire,Full dataset\train\train\images\santa-rosa-wildfire_00000003_pre_disaster.png,Full dataset\train\train\images\santa-rosa-wildfire_00000003_post_disaster.png,Full dataset\train\train\labels\santa-rosa-wildfire_00000003_pre_disaster.json,Full dataset\train\train\labels\santa-rosa-wildfire_00000003_post_disaster.json,20,20,0,0,0
socal-fire_00000594,no-damage,no_damage,socal-fire,fire,Full dataset\train\train\images\socal-fire_00000594_pre_disaster.png,Full dataset\train\train\images\socal-fire_00000594_post_disaster.png,Full dataset\train\train\labels\socal-fire_00000594_pre_disaster.json,Full dataset\train\train\labels\socal-fire_00000594_post_disaster.json,9,9,0,0,0
mexico-earthquake_00000184,no-damage,no_damage,mexico-earthquake,earthquake,Full dataset\train\train\images\mexico-earthquake_00000184_pre_disaster.png,Full dataset\train\train\images\mexico-earthquake_00000184_post_disaster.png,Full dataset\train\train\labels\mexico-earthquake_00000184_pre_disaster.json,Full dataset\train\train\labels\mexico-earthquake_00000184_post_disaster.json,351,351,0,0,0
hurricane-harvey_00000327,major-damage,major_damage,hurricane-harvey,flooding,Full dataset\train\train\images\hurricane-harvey_00000327_pre_disaster.png,Full dataset\train\train\images\hurricane-harvey_00000327_post_disaster.png,Full dataset\train\train\labels\hurricane-harvey_00000327_pre_disaster.json,Full dataset\train\train\labels\hurricane-harvey_00000327_post_disaster.json,2,0,0,2,0
santa-rosa-wildfire_00000084,destroyed,destroyed,santa-rosa-wildfire,fire,Full dataset\train\train\images\santa-rosa-wildfire_00000084_pre_disaster.png,Full dataset\train\train\images\santa-rosa-wildfire_00000084_post_disaster.png,Full dataset\train\train\labels\santa-rosa-wildfire_00000084_pre_disaster.json,Full dataset\train\train\labels\santa-rosa-wildfire_00000084_post_disaster.json,218,11,0,0,207
hurricane-matthew_00000244,destroyed,destroyed,hurricane-matthew,wind,Full dataset\train\train\images\hurricane-matthew_00000244_pre_disaster.png,Full dataset\train\train\images\hurricane-matthew_00000244_post_disaster.png,Full dataset\train\train\labels\hurricane-matthew_00000244_pre_disaster.json,Full dataset\train\train\labels\hurricane-matthew_00000244_post_disaster.json,32,0,5,1,26
hurricane-harvey_00000320,major-damage,major_damage,hurricane-harvey,flooding,Full dataset\train\train\images\hurricane-harvey_00000320_pre_disaster.png,Full dataset\train\train\images\hurricane-harvey_00000320_post_disaster.png,Full dataset\train\train\labels\hurricane-harvey_00000320_pre_disaster.json,Full dataset\train\train\labels\hurricane-harvey_00000320_post_disaster.json,7,0,0,7,0
socal-fire_00001079,no-damage,no_damage,socal-fire,fire,Full dataset\train\train\images\socal-fire_00001079_pre_disaster.png,Full dataset\train\train\images\socal-fire_00001079_post_disaster.png,Full dataset\train\train\labels\socal-fire_00001079_pre_disaster.json,Full dataset\train\train\labels\socal-fire_00001079_post_disaster.json,0,0,0,0,0
hurricane-matthew_00000204,destroyed,destroyed,hurricane-matthew,wind,Full dataset\train\train\images\hurricane-matthew_00000204_pre_disaster.png,Full dataset\train\train\images\hurricane-matthew_00000204_post_disaster.png,Full dataset\train\train\labels\hurricane-matthew_00000204_pre_disaster.json,Full dataset\train\train\labels\hurricane-matthew_00000204_post_disaster.json,18,0,0,5,13
hurricane-florence_00000018,major-damage,major_damage,hurricane-florence,flooding,Full dataset\train\train\images\hurricane-florence_00000018_pre_disaster.png,Full dataset\train\train\images\hurricane-florence_00000018_post_disaster.png,Full dataset\train\train\labels\hurricane-florence_00000018_pre_disaster.json,Full dataset\train\train\labels\hurricane-florence_00000018_post_disaster.json,47,0,0,42,5
hurricane-harvey_00000243,major-damage,major_damage,hurricane-harvey,flooding,Full dataset\train\train\images\hurricane-harvey_00000243_pre_disaster.png,Full dataset\train\train\images\hurricane-harvey_00000243_post_disaster.png,Full dataset\train\train\labels\hurricane-harvey_00000243_pre_disaster.json,Full dataset\train\train\labels\hurricane-harvey_00000243_post_disaster.json,6,0,0,6,0
hurricane-michael_00000349,minor-damage,minor_damage,hurricane-michael,wind,Full dataset\train\train\images\hurricane-michael_00000349_pre_disaster.png,Full dataset\train\train\images\hurricane-michael_00000349_post_disaster.png,Full dataset\train\train\labels\hurricane-michael_00000349_pre_disaster.json,Full dataset\train\train\labels\hurricane-michael_00000349_post_disaster.json,3,1,2,0,0
socal-fire_00000679,major-damage,major_damage,socal-fire,fire,Full dataset\train\train\images\socal-fire_00000679_pre_disaster.png,Full dataset\train\train\images\socal-fire_00000679_post_disaster.png,Full dataset\train\train\labels\socal-fire_00000679_pre_disaster.json,Full dataset\train\train\labels\socal-fire_00000679_post_disaster.json,24,5,2,3,14
hurricane-matthew_00000051,minor-damage,minor_damage,hurricane-matthew,wind,Full dataset\train\train\images\hurricane-matthew_00000051_pre_disaster.png,Full dataset\train\train\images\hurricane-matthew_00000051_post_disaster.png,Full dataset\train\train\labels\hurricane-matthew_00000051_pre_disaster.json,Full dataset\train\train\labels\hurricane-matthew_00000051_post_disaster.json,57,15,42,0,0
hurricane-harvey_00000101,minor-damage,minor_damage,hurricane-harvey,flooding,Full dataset\train\train\images\hurricane-harvey_00000101_pre_disaster.png,Full dataset\train\train\images\hurricane-harvey_00000101_post_disaster.png,Full dataset\train\train\labels\hurricane-harvey_00000101_pre_disaster.json,Full dataset\train\train\labels\hurricane-harvey_00000101_post_disaster.json,224,120,56,48,0
hurricane-harvey_00000418,no-damage,no_damage,hurricane-harvey,flooding,Full dataset\train\train\images\hurricane-harvey_00000418_pre_disaster.png,Full dataset\train\train\images\hurricane-harvey_00000418_post_disaster.png,Full dataset\train\train\labels\hurricane-harvey_00000418_pre_disaster.json,Full dataset\train\train\labels\hurricane-harvey_00000418_post_disaster.json,94,94,0,0,0
socal-fire_00001289,no-damage,no_damage,socal-fire,fire,Full dataset\train\train\images\socal-fire_00001289_pre_disaster.png,Full dataset\train\train\images\socal-fire_00001289_post_disaster.png,Full dataset\train\train\labels\socal-fire_00001289_pre_disaster.json,Full dataset\train\train\labels\socal-fire_00001289_post_disaster.json,0,0,0,0,0
hurricane-michael_00000315,minor-damage,minor_damage,hurricane-michael,wind,Full dataset\train\train\images\hurricane-michael_00000315_pre_disaster.png,Full dataset\train\train\images\hurricane-michael_00000315_post_disaster.png,Full dataset\train\train\labels\hurricane-michael_00000315_pre_disaster.json,Full dataset\train\train\labels\hurricane-michael_00000315_post_disaster.json,123,66,36,16,5
hurricane-michael_00000051,minor-damage,minor_damage,hurricane-michael,wind,Full dataset\train\train\images\hurricane-michael_00000051_pre_disaster.png,Full dataset\train\train\images\hurricane-michael_00000051_post_disaster.png,Full dataset\train\train\labels\hurricane-michael_00000051_pre_disaster.json,Full dataset\train\train\labels\hurricane-michael_00000051_post_disaster.json,99,54,33,10,2
socal-fire_00000082,minor-damage,minor_damage,socal-fire,fire,Full dataset\train\train\images\socal-fire_00000082_pre_disaster.png,Full dataset\train\train\images\socal-fire_00000082_post_disaster.png,Full dataset\train\train\labels\socal-fire_00000082_pre_disaster.json,Full dataset\train\train\labels\socal-fire_00000082_post_disaster.json,27,14,1,0,12
hurricane-florence_00000111,major-damage,major_damage,hurricane-florence,flooding,Full dataset\train\train\images\hurricane-florence_00000111_pre_disaster.png,Full dataset\train\train\images\hurricane-florence_00000111_post_disaster.png,Full dataset\train\train\labels\hurricane-florence_00000111_pre_disaster.json,Full dataset\train\train\labels\hurricane-florence_00000111_post_disaster.json,4,0,0,4,0
hurricane-harvey_00000357,minor-damage,minor_damage,hurricane-harvey,flooding,Full dataset\train\train\images\hurricane-harvey_00000357_pre_disaster.png,Full dataset\train\train\images\hurricane-harvey_00000357_post_disaster.png,Full dataset\train\train\labels\hurricane-harvey_00000357_pre_disaster.json,Full dataset\train\train\labels\hurricane-harvey_00000357_post_disaster.json,152,28,32,92,0
hurricane-matthew_00000056,minor-damage,minor_damage,hurricane-matthew,wind,Full dataset\train\train\images\hurricane-matthew_00000056_pre_disaster.png,Full dataset\train\train\images\hurricane-matthew_00000056_post_disaster.png,Full dataset\train\train\labels\hurricane-matthew_00000056_pre_disaster.json,Full dataset\train\train\labels\hurricane-matthew_00000056_post_disaster.json,13,8,4,0,1
socal-fire_00000662,destroyed,destroyed,socal-fire,fire,Full dataset\train\train\images\socal-fire_00000662_pre_disaster.png,Full dataset\train\train\images\socal-fire_00000662_post_disaster.png,Full dataset\train\train\labels\socal-fire_00000662_pre_disaster.json,Full dataset\train\train\labels\socal-fire_00000662_post_disaster.json,28,2,1,0,25
midwest-flooding_00000028,destroyed,destroyed,midwest-flooding,flooding,Full dataset\train\train\images\midwest-flooding_00000028_pre_disaster.png,Full dataset\train\train\images\midwest-flooding_00000028_post_disaster.png,Full dataset\train\train\labels\midwest-flooding_00000028_pre_disaster.json,Full dataset\train\train\labels\midwest-flooding_00000028_post_disaster.json,2,0,0,0,2
socal-fire_00000861,minor-damage,minor_damage,socal-fire,fire,Full dataset\train\train\images\socal-fire_00000861_pre_disaster.png,Full dataset\train\train\images\socal-fire_00000861_post_disaster.png,Full dataset\train\train\labels\socal-fire_00000861_pre_disaster.json,Full dataset\train\train\labels\socal-fire_00000861_post_disaster.json,29,18,1,3,7
socal-fire_00000887,no-damage,no_damage,socal-fire,fire,Full dataset\train\train\images\socal-fire_00000887_pre_disaster.png,Full dataset\train\train\images\socal-fire_00000887_post_disaster.png,Full dataset\train\train\labels\socal-fire_00000887_pre_disaster.json,Full dataset\train\train\labels\socal-fire_00000887_post_disaster.json,68,68,0,0,0
midwest-flooding_00000249,minor-damage,minor_damage,midwest-flooding,flooding,Full dataset\train\train\images\midwest-flooding_00000249_pre_disaster.png,Full dataset\train\train\images\midwest-flooding_00000249_post_disaster.png,Full dataset\train\train\labels\midwest-flooding_00000249_pre_disaster.json,Full dataset\train\train\labels\midwest-flooding_00000249_post_disaster.json,24,19,0,2,3
hurricane-matthew_00000089,minor-damage,minor_damage,hurricane-matthew,wind,Full dataset\train\train\images\hurricane-matthew_00000089_pre_disaster.png,Full dataset\train\train\images\hurricane-matthew_00000089_post_disaster.png,Full dataset\train\train\labels\hurricane-matthew_00000089_pre_disaster.json,Full dataset\train\train\labels\hurricane-matthew_00000089_post_disaster.json,453,9,444,0,0
socal-fire_00000370,destroyed,destroyed,socal-fire,fire,Full dataset\train\train\images\socal-fire_00000370_pre_disaster.png,Full dataset\train\train\images\socal-fire_00000370_post_disaster.png,Full dataset\train\train\labels\socal-fire_00000370_pre_disaster.json,Full dataset\train\train\labels\socal-fire_00000370_post_disaster.json,3,0,0,0,3
socal-fire_00001323,minor-damage,minor_damage,socal-fire,fire,Full dataset\train\train\images\socal-fire_00001323_pre_disaster.png,Full dataset\train\train\images\socal-fire_00001323_post_disaster.png,Full dataset\train\train\labels\socal-fire_00001323_pre_disaster.json,Full dataset\train\train\labels\socal-fire_00001323_post_disaster.json,32,25,2,1,4
hurricane-matthew_00000102,minor-damage,minor_damage,hurricane-matthew,wind,Full dataset\train\train\images\hurricane-matthew_00000102_pre_disaster.png,Full dataset\train\train\images\hurricane-matthew_00000102_post_disaster.png,Full dataset\train\train\labels\hurricane-matthew_00000102_pre_disaster.json,Full dataset\train\train\labels\hurricane-matthew_00000102_post_disaster.json,49,7,35,6,1
santa-rosa-wildfire_00000246,destroyed,destroyed,santa-rosa-wildfire,fire,Full dataset\train\train\images\santa-rosa-wildfire_00000246_pre_disaster.png,Full dataset\train\train\images\santa-rosa-wildfire_00000246_post_disaster.png,Full dataset\train\train\labels\santa-rosa-wildfire_00000246_pre_disaster.json,Full dataset\train\train\labels\santa-rosa-wildfire_00000246_post_disaster.json,1,0,0,0,1
midwest-flooding_00000405,minor-damage,minor_damage,midwest-flooding,flooding,Full dataset\train\train\images\midwest-flooding_00000405_pre_disaster.png,Full dataset\train\train\images\midwest-flooding_00000405_post_disaster.png,Full dataset\train\train\labels\midwest-flooding_00000405_pre_disaster.json,Full dataset\train\train\labels\midwest-flooding_00000405_post_disaster.json,3,1,2,0,0
hurricane-michael_00000250,major-damage,major_damage,hurricane-michael,wind,Full dataset\train\train\images\hurricane-michael_00000250_pre_disaster.png,Full dataset\train\train\images\hurricane-michael_00000250_post_disaster.png,Full dataset\train\train\labels\hurricane-michael_00000250_pre_disaster.json,Full dataset\train\train\labels\hurricane-michael_00000250_post_disaster.json,18,4,2,4,8
hurricane-michael_00000017,major-damage,major_damage,hurricane-michael,wind,Full dataset\train\train\images\hurricane-michael_00000017_pre_disaster.png,Full dataset\train\train\images\hurricane-michael_00000017_post_disaster.png,Full dataset\train\train\labels\hurricane-michael_00000017_pre_disaster.json,Full dataset\train\train\labels\hurricane-michael_00000017_post_disaster.json,10,0,3,2,5
hurricane-harvey_00000248,major-damage,major_damage,hurricane-harvey,flooding,Full dataset\train\train\images\hurricane-harvey_00000248_pre_disaster.png,Full dataset\train\train\images\hurricane-harvey_00000248_post_disaster.png,Full dataset\train\train\labels\hurricane-harvey_00000248_pre_disaster.json,Full dataset\train\train\labels\hurricane-harvey_00000248_post_disaster.json,48,1,1,39,7
socal-fire_00000516,destroyed,destroyed,socal-fire,fire,Full dataset\train\train\images\socal-fire_00000516_pre_disaster.png,Full dataset\train\train\images\socal-fire_00000516_post_disaster.png,Full dataset\train\train\labels\socal-fire_00000516_pre_disaster.json,Full dataset\train\train\labels\socal-fire_00000516_post_disaster.json,14,0,0,0,14
midwest-flooding_00000394,no-damage,no_damage,midwest-flooding,flooding,Full dataset\train\train\images\midwest-flooding_00000394_pre_disaster.png,Full dataset\train\train\images\midwest-flooding_00000394_post_disaster.png,Full dataset\train\train\labels\midwest-flooding_00000394_pre_disaster.json,Full dataset\train\train\labels\midwest-flooding_00000394_post_disaster.json,15,15,0,0,0
hurricane-michael_00000024,major-damage,major_damage,hurricane-michael,wind,Full dataset\train\train\images\hurricane-michael_00000024_pre_disaster.png,Full dataset\train\train\images\hurricane-michael_00000024_post_disaster.png,Full dataset\train\train\labels\hurricane-michael_00000024_pre_disaster.json,Full dataset\train\train\labels\hurricane-michael_00000024_post_disaster.json,6,3,0,0,3
santa-rosa-wildfire_00000331,destroyed,destroyed,santa-rosa-wildfire,fire,Full dataset\train\train\images\santa-rosa-wildfire_00000331_pre_disaster.png,Full dataset\train\train\images\santa-rosa-wildfire_00000331_post_disaster.png,Full dataset\train\train\labels\santa-rosa-wildfire_00000331_pre_disaster.json,Full dataset\train\train\labels\santa-rosa-wildfire_00000331_post_disaster.json,1,0,0,0,1
socal-fire_00000272,no-damage,no_damage,socal-fire,fire,Full dataset\train\train\images\socal-fire_00000272_pre_disaster.png,Full dataset\train\train\images\socal-fire_00000272_post_disaster.png,Full dataset\train\train\labels\socal-fire_00000272_pre_disaster.json,Full dataset\train\train\labels\socal-fire_00000272_post_disaster.json,0,0,0,0,0
hurricane-florence_00000147,destroyed,destroyed,hurricane-florence,flooding,Full dataset\train\train\images\hurricane-florence_00000147_pre_disaster.png,Full dataset\train\train\images\hurricane-florence_00000147_post_disaster.png,Full dataset\train\train\labels\hurricane-florence_00000147_pre_disaster.json,Full dataset\train\train\labels\hurricane-florence_00000147_post_disaster.json,4,0,0,0,4
hurricane-michael_00000241,minor-damage,minor_damage,hurricane-michael,wind,Full dataset\train\train\images\hurricane-michael_00000241_pre_disaster.png,Full dataset\train\train\images\hurricane-michael_00000241_post_disaster.png,Full dataset\train\train\labels\hurricane-michael_00000241_pre_disaster.json,Full dataset\train\train\labels\hurricane-michael_00000241_post_disaster.json,48,23,8,14,3
hurricane-matthew_00000209,major-damage,major_damage,hurricane-matthew,wind,Full dataset\train\train\images\hurricane-matthew_00000209_pre_disaster.png,Full dataset\train\train\images\hurricane-matthew_00000209_post_disaster.png,Full dataset\train\train\labels\hurricane-matthew_00000209_pre_disaster.json,Full dataset\train\train\labels\hurricane-matthew_00000209_post_disaster.json,3,0,1,1,1
socal-fire_00000938,destroyed,destroyed,socal-fire,fire,Full dataset\train\train\images\socal-fire_00000938_pre_disaster.png,Full dataset\train\train\images\socal-fire_00000938_post_disaster.png,Full dataset\train\train\labels\socal-fire_00000938_pre_disaster.json,Full dataset\train\train\labels\socal-fire_00000938_post_disaster.json,3,0,0,0,3
palu-tsunami_00000016,destroyed,destroyed,palu-tsunami,tsunami,Full dataset\train\train\images\palu-tsunami_00000016_pre_disaster.png,Full dataset\train\train\images\palu-tsunami_00000016_post_disaster.png,Full dataset\train\train\labels\palu-tsunami_00000016_pre_disaster.json,Full dataset\train\train\labels\palu-tsunami_00000016_post_disaster.json,7,0,0,0,7
socal-fire_00000433,destroyed,destroyed,socal-fire,fire,Full dataset\train\train\images\socal-fire_00000433_pre_disaster.png,Full dataset\train\train\images\socal-fire_00000433_post_disaster.png,Full dataset\train\train\labels\socal-fire_00000433_pre_disaster.json,Full dataset\train\train\labels\socal-fire_00000433_post_disaster.json,1,0,0,0,1
socal-fire_00000466,destroyed,destroyed,socal-fire,fire,Full dataset\train\train\images\socal-fire_00000466_pre_disaster.png,Full dataset\train\train\images\socal-fire_00000466_post_disaster.png,Full dataset\train\train\labels\socal-fire_00000466_pre_disaster.json,Full dataset\train\train\labels\socal-fire_00000466_post_disaster.json,9,0,0,0,9
hurricane-matthew_00000040,minor-damage,minor_damage,hurricane-matthew,wind,Full dataset\train\train\images\hurricane-matthew_00000040_pre_disaster.png,Full dataset\train\train\images\hurricane-matthew_00000040_post_disaster.png,Full dataset\train\train\labels\hurricane-matthew_00000040_pre_disaster.json,Full dataset\train\train\labels\hurricane-matthew_00000040_post_disaster.json,44,12,30,2,0
hurricane-michael_00000029,no-damage,no_damage,hurricane-michael,wind,Full dataset\train\train\images\hurricane-michael_00000029_pre_disaster.png,Full dataset\train\train\images\hurricane-michael_00000029_post_disaster.png,Full dataset\train\train\labels\hurricane-michael_00000029_pre_disaster.json,Full dataset\train\train\labels\hurricane-michael_00000029_post_disaster.json,0,0,0,0,0
socal-fire_00000840,no-damage,no_damage,socal-fire,fire,Full dataset\train\train\images\socal-fire_00000840_pre_disaster.png,Full dataset\train\train\images\socal-fire_00000840_post_disaster.png,Full dataset\train\train\labels\socal-fire_00000840_pre_disaster.json,Full dataset\train\train\labels\socal-fire_00000840_post_disaster.json,33,33,0,0,0
hurricane-harvey_00000433,minor-damage,minor_damage,hurricane-harvey,flooding,Full dataset\train\train\images\hurricane-harvey_00000433_pre_disaster.png,Full dataset\train\train\images\hurricane-harvey_00000433_post_disaster.png,Full dataset\train\train\labels\hurricane-harvey_00000433_pre_disaster.json,Full dataset\train\train\labels\hurricane-harvey_00000433_post_disaster.json,142,9,132,1,0
santa-rosa-wildfire_00000373,major-damage,major_damage,santa-rosa-wildfire,fire,Full dataset\train\train\images\santa-rosa-wildfire_00000373_pre_disaster.png,Full dataset\train\train\images\santa-rosa-wildfire_00000373_post_disaster.png,Full dataset\train\train\labels\santa-rosa-wildfire_00000373_pre_disaster.json,Full dataset\train\train\labels\santa-rosa-wildfire_00000373_post_disaster.json,24,8,1,0,15
hurricane-michael_00000313,minor-damage,minor_damage,hurricane-michael,wind,Full dataset\train\train\images\hurricane-michael_00000313_pre_disaster.png,Full dataset\train\train\images\hurricane-michael_00000313_post_disaster.png,Full dataset\train\train\labels\hurricane-michael_00000313_pre_disaster.json,Full dataset\train\train\labels\hurricane-michael_00000313_post_disaster.json,125,40,47,22,16
mexico-earthquake_00000168,no-damage,no_damage,mexico-earthquake,earthquake,Full dataset\train\train\images\mexico-earthquake_00000168_pre_disaster.png,Full dataset\train\train\images\mexico-earthquake_00000168_post_disaster.png,Full dataset\train\train\labels\mexico-earthquake_00000168_pre_disaster.json,Full dataset\train\train\labels\mexico-earthquake_00000168_post_disaster.json,26,26,0,0,0
hurricane-matthew_00000000,minor-damage,minor_damage,hurricane-matthew,wind,Full dataset\train\train\images\hurricane-matthew_00000000_pre_disaster.png,Full dataset\train\train\images\hurricane-matthew_00000000_post_disaster.png,Full dataset\train\train\labels\hurricane-matthew_00000000_pre_disaster.json,Full dataset\train\train\labels\hurricane-matthew_00000000_post_disaster.json,105,3,97,2,3
santa-rosa-wildfire_00000049,destroyed,destroyed,santa-rosa-wildfire,fire,Full dataset\train\train\images\santa-rosa-wildfire_00000049_pre_disaster.png,Full dataset\train\train\images\santa-rosa-wildfire_00000049_post_disaster.png,Full dataset\train\train\labels\santa-rosa-wildfire_00000049_pre_disaster.json,Full dataset\train\train\labels\santa-rosa-wildfire_00000049_post_disaster.json,76,1,0,0,75
hurricane-harvey_00000232,destroyed,destroyed,hurricane-harvey,flooding,Full dataset\train\train\images\hurricane-harvey_00000232_pre_disaster.png,Full dataset\train\train\images\hurricane-harvey_00000232_post_disaster.png,Full dataset\train\train\labels\hurricane-harvey_00000232_pre_disaster.json,Full dataset\train\train\labels\hurricane-harvey_00000232_post_disaster.json,2,0,0,0,2
socal-fire_00000422,no-damage,no_damage,socal-fire,fire,Full dataset\train\train\images\socal-fire_00000422_pre_disaster.png,Full dataset\train\train\images\socal-fire_00000422_post_disaster.png,Full dataset\train\train\labels\socal-fire_00000422_pre_disaster.json,Full dataset\train\train\labels\socal-fire_00000422_post_disaster.json,36,36,0,0,0
socal-fire_00000303,destroyed,destroyed,socal-fire,fire,Full dataset\train\train\images\socal-fire_00000303_pre_disaster.png,Full dataset\train\train\images\socal-fire_00000303_post_disaster.png,Full dataset\train\train\labels\socal-fire_00000303_pre_disaster.json,Full dataset\train\train\labels\socal-fire_00000303_post_disaster.json,8,0,1,1,6
socal-fire_00000228,no-damage,no_damage,socal-fire,fire,Full dataset\train\train\images\socal-fire_00000228_pre_disaster.png,Full dataset\train\train\images\socal-fire_00000228_post_disaster.png,Full dataset\train\train\labels\socal-fire_00000228_pre_disaster.json,Full dataset\train\train\labels\socal-fire_00000228_post_disaster.json,28,24,0,0,4
hurricane-matthew_00000181,major-damage,major_damage,hurricane-matthew,wind,Full dataset\train\train\images\hurricane-matthew_00000181_pre_disaster.png,Full dataset\train\train\images\hurricane-matthew_00000181_post_disaster.png,Full dataset\train\train\labels\hurricane-matthew_00000181_pre_disaster.json,Full dataset\train\train\labels\hurricane-matthew_00000181_post_disaster.json,18,2,1,2,13
hurricane-florence_00000164,no-damage,no_damage,hurricane-florence,flooding,Full dataset\train\train\images\hurricane-florence_00000164_pre_disaster.png,Full dataset\train\train\images\hurricane-florence_00000164_post_disaster.png,Full dataset\train\train\labels\hurricane-florence_00000164_pre_disaster.json,Full dataset\train\train\labels\hurricane-florence_00000164_post_disaster.json,0,0,0,0,0
hurricane-florence_00000393,no-damage,no_damage,hurricane-florence,flooding,Full dataset\train\train\images\hurricane-florence_00000393_pre_disaster.png,Full dataset\train\train\images\hurricane-florence_00000393_post_disaster.png,Full dataset\train\train\labels\hurricane-florence_00000393_pre_disaster.json,Full dataset\train\train\labels\hurricane-florence_00000393_post_disaster.json,8,8,0,0,0
socal-fire_00000473,no-damage,no_damage,socal-fire,fire,Full dataset\train\train\images\socal-fire_00000473_pre_disaster.png,Full dataset\train\train\images\socal-fire_00000473_post_disaster.png,Full dataset\train\train\labels\socal-fire_00000473_pre_disaster.json,Full dataset\train\train\labels\socal-fire_00000473_post_disaster.json,17,15,0,0,2
hurricane-florence_00000269,major-damage,major_damage,hurricane-florence,flooding,Full dataset\train\train\images\hurricane-florence_00000269_pre_disaster.png,Full dataset\train\train\images\hurricane-florence_00000269_post_disaster.png,Full dataset\train\train\labels\hurricane-florence_00000269_pre_disaster.json,Full dataset\train\train\labels\hurricane-florence_00000269_post_disaster.json,4,0,0,4,0
socal-fire_00001288,minor-damage,minor_damage,socal-fire,fire,Full dataset\train\train\images\socal-fire_00001288_pre_disaster.png,Full dataset\train\train\images\socal-fire_00001288_post_disaster.png,Full dataset\train\train\labels\socal-fire_00001288_pre_disaster.json,Full dataset\train\train\labels\socal-fire_00001288_post_disaster.json,5,2,2,1,0
palu-tsunami_00000015,destroyed,destroyed,palu-tsunami,tsunami,Full dataset\train\train\images\palu-tsunami_00000015_pre_disaster.png,Full dataset\train\train\images\palu-tsunami_00000015_post_disaster.png,Full dataset\train\train\labels\palu-tsunami_00000015_pre_disaster.json,Full dataset\train\train\labels\palu-tsunami_00000015_post_disaster.json,95,9,0,7,79
midwest-flooding_00000079,no-damage,no_damage,midwest-flooding,flooding,Full dataset\train\train\images\midwest-flooding_00000079_pre_disaster.png,Full dataset\train\train\images\midwest-flooding_00000079_post_disaster.png,Full dataset\train\train\labels\midwest-flooding_00000079_pre_disaster.json,Full dataset\train\train\labels\midwest-flooding_00000079_post_disaster.json,1,1,0,0,0
hurricane-matthew_00000346,minor-damage,minor_damage,hurricane-matthew,wind,Full dataset\train\train\images\hurricane-matthew_00000346_pre_disaster.png,Full dataset\train\train\images\hurricane-matthew_00000346_post_disaster.png,Full dataset\train\train\labels\hurricane-matthew_00000346_pre_disaster.json,Full dataset\train\train\labels\hurricane-matthew_00000346_post_disaster.json,378,4,374,0,0
socal-fire_00000288,destroyed,destroyed,socal-fire,fire,Full dataset\train\train\images\socal-fire_00000288_pre_disaster.png,Full dataset\train\train\images\socal-fire_00000288_post_disaster.png,Full dataset\train\train\labels\socal-fire_00000288_pre_disaster.json,Full dataset\train\train\labels\socal-fire_00000288_post_disaster.json,11,0,2,0,9
hurricane-florence_00000497,destroyed,destroyed,hurricane-florence,flooding,Full dataset\train\train\images\hurricane-florence_00000497_pre_disaster.png,Full dataset\train\train\images\hurricane-florence_00000497_post_disaster.png,Full dataset\train\train\labels\hurricane-florence_00000497_pre_disaster.json,Full dataset\train\train\labels\hurricane-florence_00000497_post_disaster.json,4,0,0,0,4
hurricane-florence_00000531,minor-damage,minor_damage,hurricane-florence,flooding,Full dataset\train\train\images\hurricane-florence_00000531_pre_disaster.png,Full dataset\train\train\images\hurricane-florence_00000531_post_disaster.png,Full dataset\train\train\labels\hurricane-florence_00000531_pre_disaster.json,Full dataset\train\train\labels\hurricane-florence_00000531_post_disaster.json,2,1,0,1,0
santa-rosa-wildfire_00000117,minor-damage,minor_damage,santa-rosa-wildfire,fire,Full dataset\train\train\images\santa-rosa-wildfire_00000117_pre_disaster.png,Full dataset\train\train\images\santa-rosa-wildfire_00000117_post_disaster.png,Full dataset\train\train\labels\santa-rosa-wildfire_00000117_pre_disaster.json,Full dataset\train\train\labels\santa-rosa-wildfire_00000117_post_disaster.json,35,20,0,0,15
socal-fire_00001241,no-damage,no_damage,socal-fire,fire,Full dataset\train\train\images\socal-fire_00001241_pre_disaster.png,Full dataset\train\train\images\socal-fire_00001241_post_disaster.png,Full dataset\train\train\labels\socal-fire_00001241_pre_disaster.json,Full dataset\train\train\labels\socal-fire_00001241_post_disaster.json,62,62,0,0,0
santa-rosa-wildfire_00000014,minor-damage,minor_damage,santa-rosa-wildfire,fire,Full dataset\train\train\images\santa-rosa-wildfire_00000014_pre_disaster.png,Full dataset\train\train\images\santa-rosa-wildfire_00000014_post_disaster.png,Full dataset\train\train\labels\santa-rosa-wildfire_00000014_pre_disaster.json,Full dataset\train\train\labels\santa-rosa-wildfire_00000014_post_disaster.json,49,23,4,3,19
socal-fire_00000608,no-damage,no_damage,socal-fire,fire,Full dataset\train\train\images\socal-fire_00000608_pre_disaster.png,Full dataset\train\train\images\socal-fire_00000608_post_disaster.png,Full dataset\train\train\labels\socal-fire_00000608_pre_disaster.json,Full dataset\train\train\labels\socal-fire_00000608_post_disaster.json,128,128,0,0,0
hurricane-matthew_00000082,major-damage,major_damage,hurricane-matthew,wind,Full dataset\train\train\images\hurricane-matthew_00000082_pre_disaster.png,Full dataset\train\train\images\hurricane-matthew_00000082_post_disaster.png,Full dataset\train\train\labels\hurricane-matthew_00000082_pre_disaster.json,Full dataset\train\train\labels\hurricane-matthew_00000082_post_disaster.json,93,0,53,30,10
palu-tsunami_00000073,minor-damage,minor_damage,palu-tsunami,tsunami,Full dataset\train\train\images\palu-tsunami_00000073_pre_disaster.png,Full dataset\train\train\images\palu-tsunami_00000073_post_disaster.png,Full dataset\train\train\labels\palu-tsunami_00000073_pre_disaster.json,Full dataset\train\train\labels\palu-tsunami_00000073_post_disaster.json,116,79,0,3,34
hurricane-michael_00000266,minor-damage,minor_damage,hurricane-michael,wind,Full dataset\train\train\images\hurricane-michael_00000266_pre_disaster.png,Full dataset\train\train\images\hurricane-michael_00000266_post_disaster.png,Full dataset\train\train\labels\hurricane-michael_00000266_pre_disaster.json,Full dataset\train\train\labels\hurricane-michael_00000266_post_disaster.json,144,66,69,5,4
santa-rosa-wildfire_00000057,no-damage,no_damage,santa-rosa-wildfire,fire,Full dataset\train\train\images\santa-rosa-wildfire_00000057_pre_disaster.png,Full dataset\train\train\images\santa-rosa-wildfire_00000057_post_disaster.png,Full dataset\train\train\labels\santa-rosa-wildfire_00000057_pre_disaster.json,Full dataset\train\train\labels\santa-rosa-wildfire_00000057_post_disaster.json,277,277,0,0,0
hurricane-harvey_00000203,major-damage,major_damage,hurricane-harvey,flooding,Full dataset\train\train\images\hurricane-harvey_00000203_pre_disaster.png,Full dataset\train\train\images\hurricane-harvey_00000203_post_disaster.png,Full dataset\train\train\labels\hurricane-harvey_00000203_pre_disaster.json,Full dataset\train\train\labels\hurricane-harvey_00000203_post_disaster.json,6,0,0,6,0
santa-rosa-wildfire_00000340,major-damage,major_damage,santa-rosa-wildfire,fire,Full dataset\train\train\images\santa-rosa-wildfire_00000340_pre_disaster.png,Full dataset\train\train\images\santa-rosa-wildfire_00000340_post_disaster.png,Full dataset\train\train\labels\santa-rosa-wildfire_00000340_pre_disaster.json,Full dataset\train\train\labels\santa-rosa-wildfire_00000340_post_disaster.json,3,1,0,0,2
hurricane-florence_00000051,major-damage,major_damage,hurricane-florence,flooding,Full dataset\train\train\images\hurricane-florence_00000051_pre_disaster.png,Full dataset\train\train\images\hurricane-florence_00000051_post_disaster.png,Full dataset\train\train\labels\hurricane-florence_00000051_pre_disaster.json,Full dataset\train\train\labels\hurricane-florence_00000051_post_disaster.json,20,1,2,17,0
santa-rosa-wildfire_00000168,minor-damage,minor_damage,santa-rosa-wildfire,fire,Full dataset\train\train\images\santa-rosa-wildfire_00000168_pre_disaster.png,Full dataset\train\train\images\santa-rosa-wildfire_00000168_post_disaster.png,Full dataset\train\train\labels\santa-rosa-wildfire_00000168_pre_disaster.json,Full dataset\train\train\labels\santa-rosa-wildfire_00000168_post_disaster.json,19,12,4,3,0
hurricane-harvey_00000442,minor-damage,minor_damage,hurricane-harvey,flooding,Full dataset\train\train\images\hurricane-harvey_00000442_pre_disaster.png,Full dataset\train\train\images\hurricane-harvey_00000442_post_disaster.png,Full dataset\train\train\labels\hurricane-harvey_00000442_pre_disaster.json,Full dataset\train\train\labels\hurricane-harvey_00000442_post_disaster.json,183,73,52,58,0
hurricane-michael_00000048,minor-damage,minor_damage,hurricane-michael,wind,Full dataset\train\train\images\hurricane-michael_00000048_pre_disaster.png,Full dataset\train\train\images\hurricane-michael_00000048_post_disaster.png,Full dataset\train\train\labels\hurricane-michael_00000048_pre_disaster.json,Full dataset\train\train\labels\hurricane-michael_00000048_post_disaster.json,26,10,14,1,1
hurricane-michael_00000458,no-damage,no_damage,hurricane-michael,wind,Full dataset\train\train\images\hurricane-michael_00000458_pre_disaster.png,Full dataset\train\train\images\hurricane-michael_00000458_post_disaster.png,Full dataset\train\train\labels\hurricane-michael_00000458_pre_disaster.json,Full dataset\train\train\labels\hurricane-michael_00000458_post_disaster.json,71,59,12,0,0
socal-fire_00001058,minor-damage,minor_damage,socal-fire,fire,Full dataset\train\train\images\socal-fire_00001058_pre_disaster.png,Full dataset\train\train\images\socal-fire_00001058_post_disaster.png,Full dataset\train\train\labels\socal-fire_00001058_pre_disaster.json,Full dataset\train\train\labels\socal-fire_00001058_post_disaster.json,44,35,0,0,9
socal-fire_00001369,no-damage,no_damage,socal-fire,fire,Full dataset\train\train\images\socal-fire_00001369_pre_disaster.png,Full dataset\train\train\images\socal-fire_00001369_post_disaster.png,Full dataset\train\train\labels\socal-fire_00001369_pre_disaster.json,Full dataset\train\train\labels\socal-fire_00001369_post_disaster.json,0,0,0,0,0
hurricane-harvey_00000473,major-damage,major_damage,hurricane-harvey,flooding,Full dataset\train\train\images\hurricane-harvey_00000473_pre_disaster.png,Full dataset\train\train\images\hurricane-harvey_00000473_post_disaster.png,Full dataset\train\train\labels\hurricane-harvey_00000473_pre_disaster.json,Full dataset\train\train\labels\hurricane-harvey_00000473_post_disaster.json,145,0,0,140,5
hurricane-matthew_00000245,major-damage,major_damage,hurricane-matthew,wind,Full dataset\train\train\images\hurricane-matthew_00000245_pre_disaster.png,Full dataset\train\train\images\hurricane-matthew_00000245_post_disaster.png,Full dataset\train\train\labels\hurricane-matthew_00000245_pre_disaster.json,Full dataset\train\train\labels\hurricane-matthew_00000245_post_disaster.json,27,2,8,1,16
hurricane-matthew_00000265,major-damage,major_damage,hurricane-matthew,wind,Full dataset\train\train\images\hurricane-matthew_00000265_pre_disaster.png,Full dataset\train\train\images\hurricane-matthew_00000265_post_disaster.png,Full dataset\train\train\labels\hurricane-matthew_00000265_pre_disaster.json,Full dataset\train\train\labels\hurricane-matthew_00000265_post_disaster.json,38,3,13,2,20
hurricane-harvey_00000129,major-damage,major_damage,hurricane-harvey,flooding,Full dataset\train\train\images\hurricane-harvey_00000129_pre_disaster.png,Full dataset\train\train\images\hurricane-harvey_00000129_post_disaster.png,Full dataset\train\train\labels\hurricane-harvey_00000129_pre_disaster.json,Full dataset\train\train\labels\hurricane-harvey_00000129_post_disaster.json,3,0,0,2,1
palu-tsunami_00000178,minor-damage,minor_damage,palu-tsunami,tsunami,Full dataset\train\train\images\palu-tsunami_00000178_pre_disaster.png,Full dataset\train\train\images\palu-tsunami_00000178_post_disaster.png,Full dataset\train\train\labels\palu-tsunami_00000178_pre_disaster.json,Full dataset\train\train\labels\palu-tsunami_00000178_post_disaster.json,624,398,0,3,223
socal-fire_00001377,no-damage,no_damage,socal-fire,fire,Full dataset\train\train\images\socal-fire_00001377_pre_disaster.png,Full dataset\train\train\images\socal-fire_00001377_post_disaster.png,Full dataset\train\train\labels\socal-fire_00001377_pre_disaster.json,Full dataset\train\train\labels\socal-fire_00001377_post_disaster.json,0,0,0,0,0
midwest-flooding_00000131,no-damage,no_damage,midwest-flooding,flooding,Full dataset\train\train\images\midwest-flooding_00000131_pre_disaster.png,Full dataset\train\train\images\midwest-flooding_00000131_post_disaster.png,Full dataset\train\train\labels\midwest-flooding_00000131_pre_disaster.json,Full dataset\train\train\labels\midwest-flooding_00000131_post_disaster.json,6,6,0,0,0
hurricane-matthew_00000226,destroyed,destroyed,hurricane-matthew,wind,Full dataset\train\train\images\hurricane-matthew_00000226_pre_disaster.png,Full dataset\train\train\images\hurricane-matthew_00000226_post_disaster.png,Full dataset\train\train\labels\hurricane-matthew_00000226_pre_disaster.json,Full dataset\train\train\labels\hurricane-matthew_00000226_post_disaster.json,8,0,2,0,6
socal-fire_00000774,no-damage,no_damage,socal-fire,fire,Full dataset\train\train\images\socal-fire_00000774_pre_disaster.png,Full dataset\train\train\images\socal-fire_00000774_post_disaster.png,Full dataset\train\train\labels\socal-fire_00000774_pre_disaster.json,Full dataset\train\train\labels\socal-fire_00000774_post_disaster.json,0,0,0,0,0
palu-tsunami_00000066,destroyed,destroyed,palu-tsunami,tsunami,Full dataset\train\train\images\palu-tsunami_00000066_pre_disaster.png,Full dataset\train\train\images\palu-tsunami_00000066_post_disaster.png,Full dataset\train\train\labels\palu-tsunami_00000066_pre_disaster.json,Full dataset\train\train\labels\palu-tsunami_00000066_post_disaster.json,98,6,0,5,87
santa-rosa-wildfire_00000024,destroyed,destroyed,santa-rosa-wildfire,fire,Full dataset\train\train\images\santa-rosa-wildfire_00000024_pre_disaster.png,Full dataset\train\train\images\santa-rosa-wildfire_00000024_post_disaster.png,Full dataset\train\train\labels\santa-rosa-wildfire_00000024_pre_disaster.json,Full dataset\train\train\labels\santa-rosa-wildfire_00000024_post_disaster.json,5,0,0,0,5
santa-rosa-wildfire_00000055,destroyed,destroyed,santa-rosa-wildfire,fire,Full dataset\train\train\images\santa-rosa-wildfire_00000055_pre_disaster.png,Full dataset\train\train\images\santa-rosa-wildfire_00000055_post_disaster.png,Full dataset\train\train\labels\santa-rosa-wildfire_00000055_pre_disaster.json,Full dataset\train\train\labels\santa-rosa-wildfire_00000055_post_disaster.json,10,1,0,1,8
socal-fire_00001078,minor-damage,minor_damage,socal-fire,fire,Full dataset\train\train\images\socal-fire_00001078_pre_disaster.png,Full dataset\train\train\images\socal-fire_00001078_post_disaster.png,Full dataset\train\train\labels\socal-fire_00001078_pre_disaster.json,Full dataset\train\train\labels\socal-fire_00001078_post_disaster.json,12,10,0,0,2
hurricane-florence_00000336,no-damage,no_damage,hurricane-florence,flooding,Full dataset\train\train\images\hurricane-florence_00000336_pre_disaster.png,Full dataset\train\train\images\hurricane-florence_00000336_post_disaster.png,Full dataset\train\train\labels\hurricane-florence_00000336_pre_disaster.json,Full dataset\train\train\labels\hurricane-florence_00000336_post_disaster.json,11,11,0,0,0
santa-rosa-wildfire_00000344,destroyed,destroyed,santa-rosa-wildfire,fire,Full dataset\train\train\images\santa-rosa-wildfire_00000344_pre_disaster.png,Full dataset\train\train\images\santa-rosa-wildfire_00000344_post_disaster.png,Full dataset\train\train\labels\santa-rosa-wildfire_00000344_pre_disaster.json,Full dataset\train\train\labels\santa-rosa-wildfire_00000344_post_disaster.json,47,1,0,0,46
hurricane-michael_00000039,no-damage,no_damage,hurricane-michael,wind,Full dataset\train\train\images\hurricane-michael_00000039_pre_disaster.png,Full dataset\train\train\images\hurricane-michael_00000039_post_disaster.png,Full dataset\train\train\labels\hurricane-michael_00000039_pre_disaster.json,Full dataset\train\train\labels\hurricane-michael_00000039_post_disaster.json,24,16,8,0,0
hurricane-matthew_00000310,destroyed,destroyed,hurricane-matthew,wind,Full dataset\train\train\images\hurricane-matthew_00000310_pre_disaster.png,Full dataset\train\train\images\hurricane-matthew_00000310_post_disaster.png,Full dataset\train\train\labels\hurricane-matthew_00000310_pre_disaster.json,Full dataset\train\train\labels\hurricane-matthew_00000310_post_disaster.json,9,0,0,0,9
santa-rosa-wildfire_00000318,destroyed,destroyed,santa-rosa-wildfire,fire,Full dataset\train\train\images\santa-rosa-wildfire_00000318_pre_disaster.png,Full dataset\train\train\images\santa-rosa-wildfire_00000318_post_disaster.png,Full dataset\train\train\labels\santa-rosa-wildfire_00000318_pre_disaster.json,Full dataset\train\train\labels\santa-rosa-wildfire_00000318_post_disaster.json,10,0,0,0,10
santa-rosa-wildfire_00000357,minor-damage,minor_damage,santa-rosa-wildfire,fire,Full dataset\train\train\images\santa-rosa-wildfire_00000357_pre_disaster.png,Full dataset\train\train\images\santa-rosa-wildfire_00000357_post_disaster.png,Full dataset\train\train\labels\santa-rosa-wildfire_00000357_pre_disaster.json,Full dataset\train\train\labels\santa-rosa-wildfire_00000357_post_disaster.json,40,25,0,1,14
hurricane-florence_00000341,major-damage,major_damage,hurricane-florence,flooding,Full dataset\train\train\images\hurricane-florence_00000341_pre_disaster.png,Full dataset\train\train\images\hurricane-florence_00000341_post_disaster.png,Full dataset\train\train\labels\hurricane-florence_00000341_pre_disaster.json,Full dataset\train\train\labels\hurricane-florence_00000341_post_disaster.json,3,0,2,0,1
santa-rosa-wildfire_00000356,destroyed,destroyed,santa-rosa-wildfire,fire,Full dataset\train\train\images\santa-rosa-wildfire_00000356_pre_disaster.png,Full dataset\train\train\images\santa-rosa-wildfire_00000356_post_disaster.png,Full dataset\train\train\labels\santa-rosa-wildfire_00000356_pre_disaster.json,Full dataset\train\train\labels\santa-rosa-wildfire_00000356_post_disaster.json,5,0,0,0,5
hurricane-matthew_00000223,major-damage,major_damage,hurricane-matthew,wind,Full dataset\train\train\images\hurricane-matthew_00000223_pre_disaster.png,Full dataset\train\train\images\hurricane-matthew_00000223_post_disaster.png,Full dataset\train\train\labels\hurricane-matthew_00000223_pre_disaster.json,Full dataset\train\train\labels\hurricane-matthew_00000223_post_disaster.json,34,1,16,5,12
santa-rosa-wildfire_00000094,destroyed,destroyed,santa-rosa-wildfire,fire,Full dataset\train\train\images\santa-rosa-wildfire_00000094_pre_disaster.png,Full dataset\train\train\images\santa-rosa-wildfire_00000094_post_disaster.png,Full dataset\train\train\labels\santa-rosa-wildfire_00000094_pre_disaster.json,Full dataset\train\train\labels\santa-rosa-wildfire_00000094_post_disaster.json,5,0,0,0,5
santa-rosa-wildfire_00000210,no-damage,no_damage,santa-rosa-wildfire,fire,Full dataset\train\train\images\santa-rosa-wildfire_00000210_pre_disaster.png,Full dataset\train\train\images\santa-rosa-wildfire_00000210_post_disaster.png,Full dataset\train\train\labels\santa-rosa-wildfire_00000210_pre_disaster.json,Full dataset\train\train\labels\santa-rosa-wildfire_00000210_post_disaster.json,59,59,0,0,0
socal-fire_00000752,no-damage,no_damage,socal-fire,fire,Full dataset\train\train\images\socal-fire_00000752_pre_disaster.png,Full dataset\train\train\images\socal-fire_00000752_post_disaster.png,Full dataset\train\train\labels\socal-fire_00000752_pre_disaster.json,Full dataset\train\train\labels\socal-fire_00000752_post_disaster.json,20,20,0,0,0
hurricane-michael_00000530,major-damage,major_damage,hurricane-michael,wind,Full dataset\train\train\images\hurricane-michael_00000530_pre_disaster.png,Full dataset\train\train\images\hurricane-michael_00000530_post_disaster.png,Full dataset\train\train\labels\hurricane-michael_00000530_pre_disaster.json,Full dataset\train\train\labels\hurricane-michael_00000530_post_disaster.json,1,0,0,1,0
midwest-flooding_00000038,major-damage,major_damage,midwest-flooding,flooding,Full dataset\train\train\images\midwest-flooding_00000038_pre_disaster.png,Full dataset\train\train\images\midwest-flooding_00000038_post_disaster.png,Full dataset\train\train\labels\midwest-flooding_00000038_pre_disaster.json,Full dataset\train\train\labels\midwest-flooding_00000038_post_disaster.json,1,0,0,1,0
hurricane-harvey_00000077,major-damage,major_damage,hurricane-harvey,flooding,Full dataset\train\train\images\hurricane-harvey_00000077_pre_disaster.png,Full dataset\train\train\images\hurricane-harvey_00000077_post_disaster.png,Full dataset\train\train\labels\hurricane-harvey_00000077_pre_disaster.json,Full dataset\train\train\labels\hurricane-harvey_00000077_post_disaster.json,12,0,7,4,1
hurricane-matthew_00000071,minor-damage,minor_damage,hurricane-matthew,wind,Full dataset\train\train\images\hurricane-matthew_00000071_pre_disaster.png,Full dataset\train\train\images\hurricane-matthew_00000071_post_disaster.png,Full dataset\train\train\labels\hurricane-matthew_00000071_pre_disaster.json,Full dataset\train\train\labels\hurricane-matthew_00000071_post_disaster.json,132,39,92,1,0
mexico-earthquake_00000176,no-damage,no_damage,mexico-earthquake,earthquake,Full dataset\train\train\images\mexico-earthquake_00000176_pre_disaster.png,Full dataset\train\train\images\mexico-earthquake_00000176_post_disaster.png,Full dataset\train\train\labels\mexico-earthquake_00000176_pre_disaster.json,Full dataset\train\train\labels\mexico-earthquake_00000176_post_disaster.json,8,8,0,0,0
hurricane-harvey_00000481,destroyed,destroyed,hurricane-harvey,flooding,Full dataset\train\train\images\hurricane-harvey_00000481_pre_disaster.png,Full dataset\train\train\images\hurricane-harvey_00000481_post_disaster.png,Full dataset\train\train\labels\hurricane-harvey_00000481_pre_disaster.json,Full dataset\train\train\labels\hurricane-harvey_00000481_post_disaster.json,8,0,0,0,8
hurricane-michael_00000088,major-damage,major_damage,hurricane-michael,wind,Full dataset\train\train\images\hurricane-michael_00000088_pre_disaster.png,Full dataset\train\train\images\hurricane-michael_00000088_post_disaster.png,Full dataset\train\train\labels\hurricane-michael_00000088_pre_disaster.json,Full dataset\train\train\labels\hurricane-michael_00000088_post_disaster.json,2,0,1,0,1
santa-rosa-wildfire_00000226,major-damage,major_damage,santa-rosa-wildfire,fire,Full dataset\train\train\images\santa-rosa-wildfire_00000226_pre_disaster.png,Full dataset\train\train\images\santa-rosa-wildfire_00000226_post_disaster.png,Full dataset\train\train\labels\santa-rosa-wildfire_00000226_pre_disaster.json,Full dataset\train\train\labels\santa-rosa-wildfire_00000226_post_disaster.json,7,0,2,3,2
midwest-flooding_00000235,minor-damage,minor_damage,midwest-flooding,flooding,Full dataset\train\train\images\midwest-flooding_00000235_pre_disaster.png,Full dataset\train\train\images\midwest-flooding_00000235_post_disaster.png,Full dataset\train\train\labels\midwest-flooding_00000235_pre_disaster.json,Full dataset\train\train\labels\midwest-flooding_00000235_post_disaster.json,10,5,0,5,0
hurricane-michael_00000295,major-damage,major_damage,hurricane-michael,wind,Full dataset\train\train\images\hurricane-michael_00000295_pre_disaster.png,Full dataset\train\train\images\hurricane-michael_00000295_post_disaster.png,Full dataset\train\train\labels\hurricane-michael_00000295_pre_disaster.json,Full dataset\train\train\labels\hurricane-michael_00000295_post_disaster.json,19,8,1,1,9
hurricane-harvey_00000369,major-damage,major_damage,hurricane-harvey,flooding,Full dataset\train\train\images\hurricane-harvey_00000369_pre_disaster.png,Full dataset\train\train\images\hurricane-harvey_00000369_post_disaster.png,Full dataset\train\train\labels\hurricane-harvey_00000369_pre_disaster.json,Full dataset\train\train\labels\hurricane-harvey_00000369_post_disaster.json,98,2,6,86,4
hurricane-harvey_00000128,destroyed,destroyed,hurricane-harvey,flooding,Full dataset\train\train\images\hurricane-harvey_00000128_pre_disaster.png,Full dataset\train\train\images\hurricane-harvey_00000128_post_disaster.png,Full dataset\train\train\labels\hurricane-harvey_00000128_pre_disaster.json,Full dataset\train\train\labels\hurricane-harvey_00000128_post_disaster.json,2,0,0,1,1
hurricane-florence_00000449,major-damage,major_damage,hurricane-florence,flooding,Full dataset\train\train\images\hurricane-florence_00000449_pre_disaster.png,Full dataset\train\train\images\hurricane-florence_00000449_post_disaster.png,Full dataset\train\train\labels\hurricane-florence_00000449_pre_disaster.json,Full dataset\train\train\labels\hurricane-florence_00000449_post_disaster.json,27,4,4,19,0
hurricane-michael_00000415,minor-damage,minor_damage,hurricane-michael,wind,Full dataset\train\train\images\hurricane-michael_00000415_pre_disaster.png,Full dataset\train\train\images\hurricane-michael_00000415_post_disaster.png,Full dataset\train\train\labels\hurricane-michael_00000415_pre_disaster.json,Full dataset\train\train\labels\hurricane-michael_00000415_post_disaster.json,31,19,6,6,0
hurricane-harvey_00000289,destroyed,destroyed,hurricane-harvey,flooding,Full dataset\train\train\images\hurricane-harvey_00000289_pre_disaster.png,Full dataset\train\train\images\hurricane-harvey_00000289_post_disaster.png,Full dataset\train\train\labels\hurricane-harvey_00000289_pre_disaster.json,Full dataset\train\train\labels\hurricane-harvey_00000289_post_disaster.json,39,0,1,8,30
hurricane-harvey_00000214,no-damage,no_damage,hurricane-harvey,flooding,Full dataset\train\train\images\hurricane-harvey_00000214_pre_disaster.png,Full dataset\train\train\images\hurricane-harvey_00000214_post_disaster.png,Full dataset\train\train\labels\hurricane-harvey_00000214_pre_disaster.json,Full dataset\train\train\labels\hurricane-harvey_00000214_post_disaster.json,85,85,0,0,0
hurricane-harvey_00000258,major-damage,major_damage,hurricane-harvey,flooding,Full dataset\train\train\images\hurricane-harvey_00000258_pre_disaster.png,Full dataset\train\train\images\hurricane-harvey_00000258_post_disaster.png,Full dataset\train\train\labels\hurricane-harvey_00000258_pre_disaster.json,Full dataset\train\train\labels\hurricane-harvey_00000258_post_disaster.json,2,0,0,2,0
hurricane-florence_00000390,major-damage,major_damage,hurricane-florence,flooding,Full dataset\train\train\images\hurricane-florence_00000390_pre_disaster.png,Full dataset\train\train\images\hurricane-florence_00000390_post_disaster.png,Full dataset\train\train\labels\hurricane-florence_00000390_pre_disaster.json,Full dataset\train\train\labels\hurricane-florence_00000390_post_disaster.json,7,0,1,6,0
santa-rosa-wildfire_00000033,no-damage,no_damage,santa-rosa-wildfire,fire,Full dataset\train\train\images\santa-rosa-wildfire_00000033_pre_disaster.png,Full dataset\train\train\images\santa-rosa-wildfire_00000033_post_disaster.png,Full dataset\train\train\labels\santa-rosa-wildfire_00000033_pre_disaster.json,Full dataset\train\train\labels\santa-rosa-wildfire_00000033_post_disaster.json,43,39,0,0,4
hurricane-florence_00000144,minor-damage,minor_damage,hurricane-florence,flooding,Full dataset\train\train\images\hurricane-florence_00000144_pre_disaster.png,Full dataset\train\train\images\hurricane-florence_00000144_post_disaster.png,Full dataset\train\train\labels\hurricane-florence_00000144_pre_disaster.json,Full dataset\train\train\labels\hurricane-florence_00000144_post_disaster.json,3,2,0,1,0
hurricane-michael_00000440,minor-damage,minor_damage,hurricane-michael,wind,Full dataset\train\train\images\hurricane-michael_00000440_pre_disaster.png,Full dataset\train\train\images\hurricane-michael_00000440_post_disaster.png,Full dataset\train\train\labels\hurricane-michael_00000440_pre_disaster.json,Full dataset\train\train\labels\hurricane-michael_00000440_post_disaster.json,168,78,48,33,9
palu-tsunami_00000188,major-damage,major_damage,palu-tsunami,tsunami,Full dataset\train\train\images\palu-tsunami_00000188_pre_disaster.png,Full dataset\train\train\images\palu-tsunami_00000188_post_disaster.png,Full dataset\train\train\labels\palu-tsunami_00000188_pre_disaster.json,Full dataset\train\train\labels\palu-tsunami_00000188_post_disaster.json,34,8,0,0,26
hurricane-matthew_00000208,destroyed,destroyed,hurricane-matthew,wind,Full dataset\train\train\images\hurricane-matthew_00000208_pre_disaster.png,Full dataset\train\train\images\hurricane-matthew_00000208_post_disaster.png,Full dataset\train\train\labels\hurricane-matthew_00000208_pre_disaster.json,Full dataset\train\train\labels\hurricane-matthew_00000208_post_disaster.json,2,0,0,0,2
hurricane-harvey_00000400,no-damage,no_damage,hurricane-harvey,flooding,Full dataset\train\train\images\hurricane-harvey_00000400_pre_disaster.png,Full dataset\train\train\images\hurricane-harvey_00000400_post_disaster.png,Full dataset\train\train\labels\hurricane-harvey_00000400_pre_disaster.json,Full dataset\train\train\labels\hurricane-harvey_00000400_post_disaster.json,52,52,0,0,0
hurricane-michael_00000411,no-damage,no_damage,hurricane-michael,wind,Full dataset\train\train\images\hurricane-michael_00000411_pre_disaster.png,Full dataset\train\train\images\hurricane-michael_00000411_post_disaster.png,Full dataset\train\train\labels\hurricane-michael_00000411_pre_disaster.json,Full dataset\train\train\labels\hurricane-michael_00000411_post_disaster.json,50,35,12,3,0
hurricane-michael_00000236,minor-damage,minor_damage,hurricane-michael,wind,Full dataset\train\train\images\hurricane-michael_00000236_pre_disaster.png,Full dataset\train\train\images\hurricane-michael_00000236_post_disaster.png,Full dataset\train\train\labels\hurricane-michael_00000236_pre_disaster.json,Full dataset\train\train\labels\hurricane-michael_00000236_post_disaster.json,94,42,40,6,6
mexico-earthquake_00000104,no-damage,no_damage,mexico-earthquake,earthquake,Full dataset\train\train\images\mexico-earthquake_00000104_pre_disaster.png,Full dataset\train\train\images\mexico-earthquake_00000104_post_disaster.png,Full dataset\train\train\labels\mexico-earthquake_00000104_pre_disaster.json,Full dataset\train\train\labels\mexico-earthquake_00000104_post_disaster.json,99,99,0,0,0
santa-rosa-wildfire_00000205,destroyed,destroyed,santa-rosa-wildfire,fire,Full dataset\train\train\images\santa-rosa-wildfire_00000205_pre_disaster.png,Full dataset\train\train\images\santa-rosa-wildfire_00000205_post_disaster.png,Full dataset\train\train\labels\santa-rosa-wildfire_00000205_pre_disaster.json,Full dataset\train\train\labels\santa-rosa-wildfire_00000205_post_disaster.json,44,3,0,4,37
hurricane-harvey_00000280,major-damage,major_damage,hurricane-harvey,flooding,Full dataset\train\train\images\hurricane-harvey_00000280_pre_disaster.png,Full dataset\train\train\images\hurricane-harvey_00000280_post_disaster.png,Full dataset\train\train\labels\hurricane-harvey_00000280_pre_disaster.json,Full dataset\train\train\labels\hurricane-harvey_00000280_post_disaster.json,12,0,4,6,2
hurricane-michael_00000265,minor-damage,minor_damage,hurricane-michael,wind,Full dataset\train\train\images\hurricane-michael_00000265_pre_disaster.png,Full dataset\train\train\images\hurricane-michael_00000265_post_disaster.png,Full dataset\train\train\labels\hurricane-michael_00000265_pre_disaster.json,Full dataset\train\train\labels\hurricane-michael_00000265_post_disaster.json,24,5,13,4,2
palu-tsunami_00000084,no-damage,no_damage,palu-tsunami,tsunami,Full dataset\train\train\images\palu-tsunami_00000084_pre_disaster.png,Full dataset\train\train\images\palu-tsunami_00000084_post_disaster.png,Full dataset\train\train\labels\palu-tsunami_00000084_pre_disaster.json,Full dataset\train\train\labels\palu-tsunami_00000084_post_disaster.json,595,595,0,0,0
hurricane-matthew_00000264,destroyed,destroyed,hurricane-matthew,wind,Full dataset\train\train\images\hurricane-matthew_00000264_pre_disaster.png,Full dataset\train\train\images\hurricane-matthew_00000264_post_disaster.png,Full dataset\train\train\labels\hurricane-matthew_00000264_pre_disaster.json,Full dataset\train\train\labels\hurricane-matthew_00000264_post_disaster.json,1,0,0,0,1
hurricane-florence_00000345,no-damage,no_damage,hurricane-florence,flooding,Full dataset\train\train\images\hurricane-florence_00000345_pre_disaster.png,Full dataset\train\train\images\hurricane-florence_00000345_post_disaster.png,Full dataset\train\train\labels\hurricane-florence_00000345_pre_disaster.json,Full dataset\train\train\labels\hurricane-florence_00000345_post_disaster.json,3,3,0,0,0
hurricane-florence_00000369,major-damage,major_damage,hurricane-florence,flooding,Full dataset\train\train\images\hurricane-florence_00000369_pre_disaster.png,Full dataset\train\train\images\hurricane-florence_00000369_post_disaster.png,Full dataset\train\train\labels\hurricane-florence_00000369_pre_disaster.json,Full dataset\train\train\labels\hurricane-florence_00000369_post_disaster.json,4,0,0,4,0
hurricane-matthew_00000399,destroyed,destroyed,hurricane-matthew,wind,Full dataset\train\train\images\hurricane-matthew_00000399_pre_disaster.png,Full dataset\train\train\images\hurricane-matthew_00000399_post_disaster.png,Full dataset\train\train\labels\hurricane-matthew_00000399_pre_disaster.json,Full dataset\train\train\labels\hurricane-matthew_00000399_post_disaster.json,69,0,2,6,61
hurricane-michael_00000362,minor-damage,minor_damage,hurricane-michael,wind,Full dataset\train\train\images\hurricane-michael_00000362_pre_disaster.png,Full dataset\train\train\images\hurricane-michael_00000362_post_disaster.png,Full dataset\train\train\labels\hurricane-michael_00000362_pre_disaster.json,Full dataset\train\train\labels\hurricane-michael_00000362_post_disaster.json,21,15,3,1,2
socal-fire_00001386,destroyed,destroyed,socal-fire,fire,Full dataset\train\train\images\socal-fire_00001386_pre_disaster.png,Full dataset\train\train\images\socal-fire_00001386_post_disaster.png,Full dataset\train\train\labels\socal-fire_00001386_pre_disaster.json,Full dataset\train\train\labels\socal-fire_00001386_post_disaster.json,1,0,0,0,1
midwest-flooding_00000157,minor-damage,minor_damage,midwest-flooding,flooding,Full dataset\train\train\images\midwest-flooding_00000157_pre_disaster.png,Full dataset\train\train\images\midwest-flooding_00000157_post_disaster.png,Full dataset\train\train\labels\midwest-flooding_00000157_pre_disaster.json,Full dataset\train\train\labels\midwest-flooding_00000157_post_disaster.json,1,0,1,0,0
palu-tsunami_00000142,major-damage,major_damage,palu-tsunami,tsunami,Full dataset\train\train\images\palu-tsunami_00000142_pre_disaster.png,Full dataset\train\train\images\palu-tsunami_00000142_post_disaster.png,Full dataset\train\train\labels\palu-tsunami_00000142_pre_disaster.json,Full dataset\train\train\labels\palu-tsunami_00000142_post_disaster.json,25,8,0,1,16
socal-fire_00000564,no-damage,no_damage,socal-fire,fire,Full dataset\train\train\images\socal-fire_00000564_pre_disaster.png,Full dataset\train\train\images\socal-fire_00000564_post_disaster.png,Full dataset\train\train\labels\socal-fire_00000564_pre_disaster.json,Full dataset\train\train\labels\socal-fire_00000564_post_disaster.json,0,0,0,0,0
hurricane-harvey_00000440,minor-damage,minor_damage,hurricane-harvey,flooding,Full dataset\train\train\images\hurricane-harvey_00000440_pre_disaster.png,Full dataset\train\train\images\hurricane-harvey_00000440_post_disaster.png,Full dataset\train\train\labels\hurricane-harvey_00000440_pre_disaster.json,Full dataset\train\train\labels\hurricane-harvey_00000440_post_disaster.json,88,29,16,43,0
hurricane-michael_00000517,no-damage,no_damage,hurricane-michael,wind,Full dataset\train\train\images\hurricane-michael_00000517_pre_disaster.png,Full dataset\train\train\images\hurricane-michael_00000517_post_disaster.png,Full dataset\train\train\labels\hurricane-michael_00000517_pre_disaster.json,Full dataset\train\train\labels\hurricane-michael_00000517_post_disaster.json,162,158,4,0,0
socal-fire_00000891,destroyed,destroyed,socal-fire,fire,Full dataset\train\train\images\socal-fire_00000891_pre_disaster.png,Full dataset\train\train\images\socal-fire_00000891_post_disaster.png,Full dataset\train\train\labels\socal-fire_00000891_pre_disaster.json,Full dataset\train\train\labels\socal-fire_00000891_post_disaster.json,2,0,0,0,2
midwest-flooding_00000352,no-damage,no_damage,midwest-flooding,flooding,Full dataset\train\train\images\midwest-flooding_00000352_pre_disaster.png,Full dataset\train\train\images\midwest-flooding_00000352_post_disaster.png,Full dataset\train\train\labels\midwest-flooding_00000352_pre_disaster.json,Full dataset\train\train\labels\midwest-flooding_00000352_post_disaster.json,7,6,1,0,0
hurricane-harvey_00000178,no-damage,no_damage,hurricane-harvey,flooding,Full dataset\train\train\images\hurricane-harvey_00000178_pre_disaster.png,Full dataset\train\train\images\hurricane-harvey_00000178_post_disaster.png,Full dataset\train\train\labels\hurricane-harvey_00000178_pre_disaster.json,Full dataset\train\train\labels\hurricane-harvey_00000178_post_disaster.json,180,180,0,0,0
hurricane-matthew_00000140,major-damage,major_damage,hurricane-matthew,wind,Full dataset\train\train\images\hurricane-matthew_00000140_pre_disaster.png,Full dataset\train\train\images\hurricane-matthew_00000140_post_disaster.png,Full dataset\train\train\labels\hurricane-matthew_00000140_pre_disaster.json,Full dataset\train\train\labels\hurricane-matthew_00000140_post_disaster.json,58,11,16,6,25
socal-fire_00000450,no-damage,no_damage,socal-fire,fire,Full dataset\train\train\images\socal-fire_00000450_pre_disaster.png,Full dataset\train\train\images\socal-fire_00000450_post_disaster.png,Full dataset\train\train\labels\socal-fire_00000450_pre_disaster.json,Full dataset\train\train\labels\socal-fire_00000450_post_disaster.json,0,0,0,0,0
hurricane-florence_00000252,major-damage,major_damage,hurricane-florence,flooding,Full dataset\train\train\images\hurricane-florence_00000252_pre_disaster.png,Full dataset\train\train\images\hurricane-florence_00000252_post_disaster.png,Full dataset\train\train\labels\hurricane-florence_00000252_pre_disaster.json,Full dataset\train\train\labels\hurricane-florence_00000252_post_disaster.json,1,0,0,1,0
socal-fire_00000178,no-damage,no_damage,socal-fire,fire,Full dataset\train\train\images\socal-fire_00000178_pre_disaster.png,Full dataset\train\train\images\socal-fire_00000178_post_disaster.png,Full dataset\train\train\labels\socal-fire_00000178_pre_disaster.json,Full dataset\train\train\labels\socal-fire_00000178_post_disaster.json,0,0,0,0,0
santa-rosa-wildfire_00000075,destroyed,destroyed,santa-rosa-wildfire,fire,Full dataset\train\train\images\santa-rosa-wildfire_00000075_pre_disaster.png,Full dataset\train\train\images\santa-rosa-wildfire_00000075_post_disaster.png,Full dataset\train\train\labels\santa-rosa-wildfire_00000075_pre_disaster.json,Full dataset\train\train\labels\santa-rosa-wildfire_00000075_post_disaster.json,65,0,0,0,65
socal-fire_00000790,no-damage,no_damage,socal-fire,fire,Full dataset\train\train\images\socal-fire_00000790_pre_disaster.png,Full dataset\train\train\images\socal-fire_00000790_post_disaster.png,Full dataset\train\train\labels\socal-fire_00000790_pre_disaster.json,Full dataset\train\train\labels\socal-fire_00000790_post_disaster.json,35,35,0,0,0
guatemala-volcano_00000002,destroyed,destroyed,guatemala-volcano,volcano,Full dataset\train\train\images\guatemala-volcano_00000002_pre_disaster.png,Full dataset\train\train\images\guatemala-volcano_00000002_post_disaster.png,Full dataset\train\train\labels\guatemala-volcano_00000002_pre_disaster.json,Full dataset\train\train\labels\guatemala-volcano_00000002_post_disaster.json,1,0,0,0,1
hurricane-michael_00000090,no-damage,no_damage,hurricane-michael,wind,Full dataset\train\train\images\hurricane-michael_00000090_pre_disaster.png,Full dataset\train\train\images\hurricane-michael_00000090_post_disaster.png,Full dataset\train\train\labels\hurricane-michael_00000090_pre_disaster.json,Full dataset\train\train\labels\hurricane-michael_00000090_post_disaster.json,124,93,20,10,1
socal-fire_00000003,no-damage,no_damage,socal-fire,fire,Full dataset\train\train\images\socal-fire_00000003_pre_disaster.png,Full dataset\train\train\images\socal-fire_00000003_post_disaster.png,Full dataset\train\train\labels\socal-fire_00000003_pre_disaster.json,Full dataset\train\train\labels\socal-fire_00000003_post_disaster.json,24,24,0,0,0
hurricane-harvey_00000502,major-damage,major_damage,hurricane-harvey,flooding,Full dataset\train\train\images\hurricane-harvey_00000502_pre_disaster.png,Full dataset\train\train\images\hurricane-harvey_00000502_post_disaster.png,Full dataset\train\train\labels\hurricane-harvey_00000502_pre_disaster.json,Full dataset\train\train\labels\hurricane-harvey_00000502_post_disaster.json,210,0,0,210,0
socal-fire_00000004,no-damage,no_damage,socal-fire,fire,Full dataset\train\train\images\socal-fire_00000004_pre_disaster.png,Full dataset\train\train\images\socal-fire_00000004_post_disaster.png,Full dataset\train\train\labels\socal-fire_00000004_pre_disaster.json,Full dataset\train\train\labels\socal-fire_00000004_post_disaster.json,0,0,0,0,0
santa-rosa-wildfire_00000018,destroyed,destroyed,santa-rosa-wildfire,fire,Full dataset\train\train\images\santa-rosa-wildfire_00000018_pre_disaster.png,Full dataset\train\train\images\santa-rosa-wildfire_00000018_post_disaster.png,Full dataset\train\train\labels\santa-rosa-wildfire_00000018_pre_disaster.json,Full dataset\train\train\labels\santa-rosa-wildfire_00000018_post_disaster.json,8,0,0,0,8
hurricane-harvey_00000426,major-damage,major_damage,hurricane-harvey,flooding,Full dataset\train\train\images\hurricane-harvey_00000426_pre_disaster.png,Full dataset\train\train\images\hurricane-harvey_00000426_post_disaster.png,Full dataset\train\train\labels\hurricane-harvey_00000426_pre_disaster.json,Full dataset\train\train\labels\hurricane-harvey_00000426_post_disaster.json,151,0,1,150,0
hurricane-florence_00000114,major-damage,major_damage,hurricane-florence,flooding,Full dataset\train\train\images\hurricane-florence_00000114_pre_disaster.png,Full dataset\train\train\images\hurricane-florence_00000114_post_disaster.png,Full dataset\train\train\labels\hurricane-florence_00000114_pre_disaster.json,Full dataset\train\train\labels\hurricane-florence_00000114_post_disaster.json,11,0,0,11,0
hurricane-michael_00000230,minor-damage,minor_damage,hurricane-michael,wind,Full dataset\train\train\images\hurricane-michael_00000230_pre_disaster.png,Full dataset\train\train\images\hurricane-michael_00000230_post_disaster.png,Full dataset\train\train\labels\hurricane-michael_00000230_pre_disaster.json,Full dataset\train\train\labels\hurricane-michael_00000230_post_disaster.json,70,39,24,6,1
socal-fire_00000788,major-damage,major_damage,socal-fire,fire,Full dataset\train\train\images\socal-fire_00000788_pre_disaster.png,Full dataset\train\train\images\socal-fire_00000788_post_disaster.png,Full dataset\train\train\labels\socal-fire_00000788_pre_disaster.json,Full dataset\train\train\labels\socal-fire_00000788_post_disaster.json,4,0,0,3,1
socal-fire_00000631,minor-damage,minor_damage,socal-fire,fire,Full dataset\train\train\images\socal-fire_00000631_pre_disaster.png,Full dataset\train\train\images\socal-fire_00000631_post_disaster.png,Full dataset\train\train\labels\socal-fire_00000631_pre_disaster.json,Full dataset\train\train\labels\socal-fire_00000631_post_disaster.json,27,14,0,0,13
socal-fire_00000124,major-damage,major_damage,socal-fire,fire,Full dataset\train\train\images\socal-fire_00000124_pre_disaster.png,Full dataset\train\train\images\socal-fire_00000124_post_disaster.png,Full dataset\train\train\labels\socal-fire_00000124_pre_disaster.json,Full dataset\train\train\labels\socal-fire_00000124_post_disaster.json,17,4,0,1,12
santa-rosa-wildfire_00000338,major-damage,major_damage,santa-rosa-wildfire,fire,Full dataset\train\train\images\santa-rosa-wildfire_00000338_pre_disaster.png,Full dataset\train\train\images\santa-rosa-wildfire_00000338_post_disaster.png,Full dataset\train\train\labels\santa-rosa-wildfire_00000338_pre_disaster.json,Full dataset\train\train\labels\santa-rosa-wildfire_00000338_post_disaster.json,2,1,0,0,1
hurricane-florence_00000485,major-damage,major_damage,hurricane-florence,flooding,Full dataset\train\train\images\hurricane-florence_00000485_pre_disaster.png,Full dataset\train\train\images\hurricane-florence_00000485_post_disaster.png,Full dataset\train\train\labels\hurricane-florence_00000485_pre_disaster.json,Full dataset\train\train\labels\hurricane-florence_00000485_post_disaster.json,66,0,0,66,0
hurricane-michael_00000391,minor-damage,minor_damage,hurricane-michael,wind,Full dataset\train\train\images\hurricane-michael_00000391_pre_disaster.png,Full dataset\train\train\images\hurricane-michael_00000391_post_disaster.png,Full dataset\train\train\labels\hurricane-michael_00000391_pre_disaster.json,Full dataset\train\train\labels\hurricane-michael_00000391_post_disaster.json,13,6,2,2,3
hurricane-florence_00000523,minor-damage,minor_damage,hurricane-florence,flooding,Full dataset\train\train\images\hurricane-florence_00000523_pre_disaster.png,Full dataset\train\train\images\hurricane-florence_00000523_post_disaster.png,Full dataset\train\train\labels\hurricane-florence_00000523_pre_disaster.json,Full dataset\train\train\labels\hurricane-florence_00000523_post_disaster.json,1,0,1,0,0
hurricane-harvey_00000512,minor-damage,minor_damage,hurricane-harvey,flooding,Full dataset\train\train\images\hurricane-harvey_00000512_pre_disaster.png,Full dataset\train\train\images\hurricane-harvey_00000512_post_disaster.png,Full dataset\train\train\labels\hurricane-harvey_00000512_pre_disaster.json,Full dataset\train\train\labels\hurricane-harvey_00000512_post_disaster.json,13,4,6,1,2
socal-fire_00000107,no-damage,no_damage,socal-fire,fire,Full dataset\train\train\images\socal-fire_00000107_pre_disaster.png,Full dataset\train\train\images\socal-fire_00000107_post_disaster.png,Full dataset\train\train\labels\socal-fire_00000107_pre_disaster.json,Full dataset\train\train\labels\socal-fire_00000107_post_disaster.json,0,0,0,0,0
socal-fire_00000340,minor-damage,minor_damage,socal-fire,fire,Full dataset\train\train\images\socal-fire_00000340_pre_disaster.png,Full dataset\train\train\images\socal-fire_00000340_post_disaster.png,Full dataset\train\train\labels\socal-fire_00000340_pre_disaster.json,Full dataset\train\train\labels\socal-fire_00000340_post_disaster.json,3,2,0,0,1
hurricane-harvey_00000300,major-damage,major_damage,hurricane-harvey,flooding,Full dataset\train\train\images\hurricane-harvey_00000300_pre_disaster.png,Full dataset\train\train\images\hurricane-harvey_00000300_post_disaster.png,Full dataset\train\train\labels\hurricane-harvey_00000300_pre_disaster.json,Full dataset\train\train\labels\hurricane-harvey_00000300_post_disaster.json,6,0,0,5,1
socal-fire_00001232,no-damage,no_damage,socal-fire,fire,Full dataset\train\train\images\socal-fire_00001232_pre_disaster.png,Full dataset\train\train\images\socal-fire_00001232_post_disaster.png,Full dataset\train\train\labels\socal-fire_00001232_pre_disaster.json,Full dataset\train\train\labels\socal-fire_00001232_post_disaster.json,0,0,0,0,0
hurricane-michael_00000078,major-damage,major_damage,hurricane-michael,wind,Full dataset\train\train\images\hurricane-michael_00000078_pre_disaster.png,Full dataset\train\train\images\hurricane-michael_00000078_post_disaster.png,Full dataset\train\train\labels\hurricane-michael_00000078_pre_disaster.json,Full dataset\train\train\labels\hurricane-michael_00000078_post_disaster.json,90,18,23,32,17
hurricane-florence_00000263,major-damage,major_damage,hurricane-florence,flooding,Full dataset\train\train\images\hurricane-florence_00000263_pre_disaster.png,Full dataset\train\train\images\hurricane-florence_00000263_post_disaster.png,Full dataset\train\train\labels\hurricane-florence_00000263_pre_disaster.json,Full dataset\train\train\labels\hurricane-florence_00000263_post_disaster.json,1,0,0,1,0
socal-fire_00001106,no-damage,no_damage,socal-fire,fire,Full dataset\train\train\images\socal-fire_00001106_pre_disaster.png,Full dataset\train\train\images\socal-fire_00001106_post_disaster.png,Full dataset\train\train\labels\socal-fire_00001106_pre_disaster.json,Full dataset\train\train\labels\socal-fire_00001106_post_disaster.json,0,0,0,0,0
hurricane-michael_00000044,minor-damage,minor_damage,hurricane-michael,wind,Full dataset\train\train\images\hurricane-michael_00000044_pre_disaster.png,Full dataset\train\train\images\hurricane-michael_00000044_post_disaster.png,Full dataset\train\train\labels\hurricane-michael_00000044_pre_disaster.json,Full dataset\train\train\labels\hurricane-michael_00000044_post_disaster.json,19,5,8,4,2
hurricane-michael_00000240,minor-damage,minor_damage,hurricane-michael,wind,Full dataset\train\train\images\hurricane-michael_00000240_pre_disaster.png,Full dataset\train\train\images\hurricane-michael_00000240_post_disaster.png,Full dataset\train\train\labels\hurricane-michael_00000240_pre_disaster.json,Full dataset\train\train\labels\hurricane-michael_00000240_post_disaster.json,62,21,25,14,2
hurricane-matthew_00000137,destroyed,destroyed,hurricane-matthew,wind,Full dataset\train\train\images\hurricane-matthew_00000137_pre_disaster.png,Full dataset\train\train\images\hurricane-matthew_00000137_post_disaster.png,Full dataset\train\train\labels\hurricane-matthew_00000137_pre_disaster.json,Full dataset\train\train\labels\hurricane-matthew_00000137_post_disaster.json,4,0,0,1,3
socal-fire_00000253,major-damage,major_damage,socal-fire,fire,Full dataset\train\train\images\socal-fire_00000253_pre_disaster.png,Full dataset\train\train\images\socal-fire_00000253_post_disaster.png,Full dataset\train\train\labels\socal-fire_00000253_pre_disaster.json,Full dataset\train\train\labels\socal-fire_00000253_post_disaster.json,33,10,0,3,20
hurricane-matthew_00000321,major-damage,major_damage,hurricane-matthew,wind,Full dataset\train\train\images\hurricane-matthew_00000321_pre_disaster.png,Full dataset\train\train\images\hurricane-matthew_00000321_post_disaster.png,Full dataset\train\train\labels\hurricane-matthew_00000321_pre_disaster.json,Full dataset\train\train\labels\hurricane-matthew_00000321_post_disaster.json,3,0,2,0,1
hurricane-florence_00000274,no-damage,no_damage,hurricane-florence,flooding,Full dataset\train\train\images\hurricane-florence_00000274_pre_disaster.png,Full dataset\train\train\images\hurricane-florence_00000274_post_disaster.png,Full dataset\train\train\labels\hurricane-florence_00000274_pre_disaster.json,Full dataset\train\train\labels\hurricane-florence_00000274_post_disaster.json,9,9,0,0,0
hurricane-matthew_00000145,destroyed,destroyed,hurricane-matthew,wind,Full dataset\train\train\images\hurricane-matthew_00000145_pre_disaster.png,Full dataset\train\train\images\hurricane-matthew_00000145_post_disaster.png,Full dataset\train\train\labels\hurricane-matthew_00000145_pre_disaster.json,Full dataset\train\train\labels\hurricane-matthew_00000145_post_disaster.json,34,0,0,17,17
midwest-flooding_00000231,no-damage,no_damage,midwest-flooding,flooding,Full dataset\train\train\images\midwest-flooding_00000231_pre_disaster.png,Full dataset\train\train\images\midwest-flooding_00000231_post_disaster.png,Full dataset\train\train\labels\midwest-flooding_00000231_pre_disaster.json,Full dataset\train\train\labels\midwest-flooding_00000231_post_disaster.json,2,2,0,0,0
santa-rosa-wildfire_00000299,destroyed,destroyed,santa-rosa-wildfire,fire,Full dataset\train\train\images\santa-rosa-wildfire_00000299_pre_disaster.png,Full dataset\train\train\images\santa-rosa-wildfire_00000299_post_disaster.png,Full dataset\train\train\labels\santa-rosa-wildfire_00000299_pre_disaster.json,Full dataset\train\train\labels\santa-rosa-wildfire_00000299_post_disaster.json,4,0,0,0,4
hurricane-harvey_00000451,major-damage,major_damage,hurricane-harvey,flooding,Full dataset\train\train\images\hurricane-harvey_00000451_pre_disaster.png,Full dataset\train\train\images\hurricane-harvey_00000451_post_disaster.png,Full dataset\train\train\labels\hurricane-harvey_00000451_pre_disaster.json,Full dataset\train\train\labels\hurricane-harvey_00000451_post_disaster.json,250,27,48,175,0
santa-rosa-wildfire_00000076,no-damage,no_damage,santa-rosa-wildfire,fire,Full dataset\train\train\images\santa-rosa-wildfire_00000076_pre_disaster.png,Full dataset\train\train\images\santa-rosa-wildfire_00000076_post_disaster.png,Full dataset\train\train\labels\santa-rosa-wildfire_00000076_pre_disaster.json,Full dataset\train\train\labels\santa-rosa-wildfire_00000076_post_disaster.json,116,116,0,0,0
midwest-flooding_00000426,no-damage,no_damage,midwest-flooding,flooding,Full dataset\train\train\images\midwest-flooding_00000426_pre_disaster.png,Full dataset\train\train\images\midwest-flooding_00000426_post_disaster.png,Full dataset\train\train\labels\midwest-flooding_00000426_pre_disaster.json,Full dataset\train\train\labels\midwest-flooding_00000426_post_disaster.json,10,9,1,0,0
hurricane-matthew_00000159,major-damage,major_damage,hurricane-matthew,wind,Full dataset\train\train\images\hurricane-matthew_00000159_pre_disaster.png,Full dataset\train\train\images\hurricane-matthew_00000159_post_disaster.png,Full dataset\train\train\labels\hurricane-matthew_00000159_pre_disaster.json,Full dataset\train\train\labels\hurricane-matthew_00000159_post_disaster.json,45,0,11,27,7
socal-fire_00000912,minor-damage,minor_damage,socal-fire,fire,Full dataset\train\train\images\socal-fire_00000912_pre_disaster.png,Full dataset\train\train\images\socal-fire_00000912_post_disaster.png,Full dataset\train\train\labels\socal-fire_00000912_pre_disaster.json,Full dataset\train\train\labels\socal-fire_00000912_post_disaster.json,8,1,6,0,1
hurricane-michael_00000188,minor-damage,minor_damage,hurricane-michael,wind,Full dataset\train\train\images\hurricane-michael_00000188_pre_disaster.png,Full dataset\train\train\images\hurricane-michael_00000188_post_disaster.png,Full dataset\train\train\labels\hurricane-michael_00000188_pre_disaster.json,Full dataset\train\train\labels\hurricane-michael_00000188_post_disaster.json,40,2,29,8,1
socal-fire_00000302,destroyed,destroyed,socal-fire,fire,Full dataset\train\train\images\socal-fire_00000302_pre_disaster.png,Full dataset\train\train\images\socal-fire_00000302_post_disaster.png,Full dataset\train\train\labels\socal-fire_00000302_pre_disaster.json,Full dataset\train\train\labels\socal-fire_00000302_post_disaster.json,5,0,0,0,5
hurricane-matthew_00000185,minor-damage,minor_damage,hurricane-matthew,wind,Full dataset\train\train\images\hurricane-matthew_00000185_pre_disaster.png,Full dataset\train\train\images\hurricane-matthew_00000185_post_disaster.png,Full dataset\train\train\labels\hurricane-matthew_00000185_pre_disaster.json,Full dataset\train\train\labels\hurricane-matthew_00000185_post_disaster.json,40,13,10,10,7
santa-rosa-wildfire_00000270,destroyed,destroyed,santa-rosa-wildfire,fire,Full dataset\train\train\images\santa-rosa-wildfire_00000270_pre_disaster.png,Full dataset\train\train\images\santa-rosa-wildfire_00000270_post_disaster.png,Full dataset\train\train\labels\santa-rosa-wildfire_00000270_pre_disaster.json,Full dataset\train\train\labels\santa-rosa-wildfire_00000270_post_disaster.json,13,1,0,0,12
hurricane-matthew_00000387,destroyed,destroyed,hurricane-matthew,wind,Full dataset\train\train\images\hurricane-matthew_00000387_pre_disaster.png,Full dataset\train\train\images\hurricane-matthew_00000387_post_disaster.png,Full dataset\train\train\labels\hurricane-matthew_00000387_pre_disaster.json,Full dataset\train\train\labels\hurricane-matthew_00000387_post_disaster.json,45,0,0,5,40
hurricane-matthew_00000368,minor-damage,minor_damage,hurricane-matthew,wind,Full dataset\train\train\images\hurricane-matthew_00000368_pre_disaster.png,Full dataset\train\train\images\hurricane-matthew_00000368_post_disaster.png,Full dataset\train\train\labels\hurricane-matthew_00000368_pre_disaster.json,Full dataset\train\train\labels\hurricane-matthew_00000368_post_disaster.json,367,0,299,47,21
socal-fire_00000805,destroyed,destroyed,socal-fire,fire,Full dataset\train\train\images\socal-fire_00000805_pre_disaster.png,Full dataset\train\train\images\socal-fire_00000805_post_disaster.png,Full dataset\train\train\labels\socal-fire_00000805_pre_disaster.json,Full dataset\train\train\labels\socal-fire_00000805_post_disaster.json,22,3,0,0,19
hurricane-florence_00000106,major-damage,major_damage,hurricane-florence,flooding,Full dataset\train\train\images\hurricane-florence_00000106_pre_disaster.png,Full dataset\train\train\images\hurricane-florence_00000106_post_disaster.png,Full dataset\train\train\labels\hurricane-florence_00000106_pre_disaster.json,Full dataset\train\train\labels\hurricane-florence_00000106_post_disaster.json,12,0,0,12,0
hurricane-michael_00000010,minor-damage,minor_damage,hurricane-michael,wind,Full dataset\train\train\images\hurricane-michael_00000010_pre_disaster.png,Full dataset\train\train\images\hurricane-michael_00000010_post_disaster.png,Full dataset\train\train\labels\hurricane-michael_00000010_pre_disaster.json,Full dataset\train\train\labels\hurricane-michael_00000010_post_disaster.json,2,0,2,0,0
hurricane-matthew_00000182,major-damage,major_damage,hurricane-matthew,wind,Full dataset\train\train\images\hurricane-matthew_00000182_pre_disaster.png,Full dataset\train\train\images\hurricane-matthew_00000182_post_disaster.png,Full dataset\train\train\labels\hurricane-matthew_00000182_pre_disaster.json,Full dataset\train\train\labels\hurricane-matthew_00000182_post_disaster.json,26,3,1,10,12
hurricane-harvey_00000264,major-damage,major_damage,hurricane-harvey,flooding,Full dataset\train\train\images\hurricane-harvey_00000264_pre_disaster.png,Full dataset\train\train\images\hurricane-harvey_00000264_post_disaster.png,Full dataset\train\train\labels\hurricane-harvey_00000264_pre_disaster.json,Full dataset\train\train\labels\hurricane-harvey_00000264_post_disaster.json,17,0,0,13,4
socal-fire_00000966,minor-damage,minor_damage,socal-fire,fire,Full dataset\train\train\images\socal-fire_00000966_pre_disaster.png,Full dataset\train\train\images\socal-fire_00000966_post_disaster.png,Full dataset\train\train\labels\socal-fire_00000966_pre_disaster.json,Full dataset\train\train\labels\socal-fire_00000966_post_disaster.json,20,16,0,0,4
socal-fire_00001291,major-damage,major_damage,socal-fire,fire,Full dataset\train\train\images\socal-fire_00001291_pre_disaster.png,Full dataset\train\train\images\socal-fire_00001291_post_disaster.png,Full dataset\train\train\labels\socal-fire_00001291_pre_disaster.json,Full dataset\train\train\labels\socal-fire_00001291_post_disaster.json,2,1,0,0,1
hurricane-florence_00000320,no-damage,no_damage,hurricane-florence,flooding,Full dataset\train\train\images\hurricane-florence_00000320_pre_disaster.png,Full dataset\train\train\images\hurricane-florence_00000320_post_disaster.png,Full dataset\train\train\labels\hurricane-florence_00000320_pre_disaster.json,Full dataset\train\train\labels\hurricane-florence_00000320_post_disaster.json,11,10,1,0,0
palu-tsunami_00000007,destroyed,destroyed,palu-tsunami,tsunami,Full dataset\train\train\images\palu-tsunami_00000007_pre_disaster.png,Full dataset\train\train\images\palu-tsunami_00000007_post_disaster.png,Full dataset\train\train\labels\palu-tsunami_00000007_pre_disaster.json,Full dataset\train\train\labels\palu-tsunami_00000007_post_disaster.json,31,1,0,0,30
hurricane-florence_00000180,major-damage,major_damage,hurricane-florence,flooding,Full dataset\train\train\images\hurricane-florence_00000180_pre_disaster.png,Full dataset\train\train\images\hurricane-florence_00000180_post_disaster.png,Full dataset\train\train\labels\hurricane-florence_00000180_pre_disaster.json,Full dataset\train\train\labels\hurricane-florence_00000180_post_disaster.json,1,0,0,1,0
hurricane-florence_00000072,major-damage,major_damage,hurricane-florence,flooding,Full dataset\train\train\images\hurricane-florence_00000072_pre_disaster.png,Full dataset\train\train\images\hurricane-florence_00000072_post_disaster.png,Full dataset\train\train\labels\hurricane-florence_00000072_pre_disaster.json,Full dataset\train\train\labels\hurricane-florence_00000072_post_disaster.json,5,0,0,5,0
hurricane-florence_00000044,no-damage,no_damage,hurricane-florence,flooding,Full dataset\train\train\images\hurricane-florence_00000044_pre_disaster.png,Full dataset\train\train\images\hurricane-florence_00000044_post_disaster.png,Full dataset\train\train\labels\hurricane-florence_00000044_pre_disaster.json,Full dataset\train\train\labels\hurricane-florence_00000044_post_disaster.json,5,5,0,0,0
socal-fire_00001086,destroyed,destroyed,socal-fire,fire,Full dataset\train\train\images\socal-fire_00001086_pre_disaster.png,Full dataset\train\train\images\socal-fire_00001086_post_disaster.png,Full dataset\train\train\labels\socal-fire_00001086_pre_disaster.json,Full dataset\train\train\labels\socal-fire_00001086_post_disaster.json,8,1,0,0,7
palu-tsunami_00000030,destroyed,destroyed,palu-tsunami,tsunami,Full dataset\train\train\images\palu-tsunami_00000030_pre_disaster.png,Full dataset\train\train\images\palu-tsunami_00000030_post_disaster.png,Full dataset\train\train\labels\palu-tsunami_00000030_pre_disaster.json,Full dataset\train\train\labels\palu-tsunami_00000030_post_disaster.json,110,0,0,1,109
midwest-flooding_00000401,no-damage,no_damage,midwest-flooding,flooding,Full dataset\train\train\images\midwest-flooding_00000401_pre_disaster.png,Full dataset\train\train\images\midwest-flooding_00000401_post_disaster.png,Full dataset\train\train\labels\midwest-flooding_00000401_pre_disaster.json,Full dataset\train\train\labels\midwest-flooding_00000401_post_disaster.json,7,7,0,0,0
hurricane-michael_00000300,minor-damage,minor_damage,hurricane-michael,wind,Full dataset\train\train\images\hurricane-michael_00000300_pre_disaster.png,Full dataset\train\train\images\hurricane-michael_00000300_post_disaster.png,Full dataset\train\train\labels\hurricane-michael_00000300_pre_disaster.json,Full dataset\train\train\labels\hurricane-michael_00000300_post_disaster.json,27,11,8,4,4
santa-rosa-wildfire_00000234,destroyed,destroyed,santa-rosa-wildfire,fire,Full dataset\train\train\images\santa-rosa-wildfire_00000234_pre_disaster.png,Full dataset\train\train\images\santa-rosa-wildfire_00000234_post_disaster.png,Full dataset\train\train\labels\santa-rosa-wildfire_00000234_pre_disaster.json,Full dataset\train\train\labels\santa-rosa-wildfire_00000234_post_disaster.json,3,0,0,0,3
socal-fire_00000283,destroyed,destroyed,socal-fire,fire,Full dataset\train\train\images\socal-fire_00000283_pre_disaster.png,Full dataset\train\train\images\socal-fire_00000283_post_disaster.png,Full dataset\train\train\labels\socal-fire_00000283_pre_disaster.json,Full dataset\train\train\labels\socal-fire_00000283_post_disaster.json,3,0,0,0,3
hurricane-florence_00000423,major-damage,major_damage,hurricane-florence,flooding,Full dataset\train\train\images\hurricane-florence_00000423_pre_disaster.png,Full dataset\train\train\images\hurricane-florence_00000423_post_disaster.png,Full dataset\train\train\labels\hurricane-florence_00000423_pre_disaster.json,Full dataset\train\train\labels\hurricane-florence_00000423_post_disaster.json,2,0,0,2,0
santa-rosa-wildfire_00000274,destroyed,destroyed,santa-rosa-wildfire,fire,Full dataset\train\train\images\santa-rosa-wildfire_00000274_pre_disaster.png,Full dataset\train\train\images\santa-rosa-wildfire_00000274_post_disaster.png,Full dataset\train\train\labels\santa-rosa-wildfire_00000274_pre_disaster.json,Full dataset\train\train\labels\santa-rosa-wildfire_00000274_post_disaster.json,2,0,0,1,1
hurricane-matthew_00000343,minor-damage,minor_damage,hurricane-matthew,wind,Full dataset\train\train\images\hurricane-matthew_00000343_pre_disaster.png,Full dataset\train\train\images\hurricane-matthew_00000343_post_disaster.png,Full dataset\train\train\labels\hurricane-matthew_00000343_pre_disaster.json,Full dataset\train\train\labels\hurricane-matthew_00000343_post_disaster.json,11,1,9,1,0
socal-fire_00001278,destroyed,destroyed,socal-fire,fire,Full dataset\train\train\images\socal-fire_00001278_pre_disaster.png,Full dataset\train\train\images\socal-fire_00001278_post_disaster.png,Full dataset\train\train\labels\socal-fire_00001278_pre_disaster.json,Full dataset\train\train\labels\socal-fire_00001278_post_disaster.json,6,0,0,0,6
hurricane-matthew_00000296,minor-damage,minor_damage,hurricane-matthew,wind,Full dataset\train\train\images\hurricane-matthew_00000296_pre_disaster.png,Full dataset\train\train\images\hurricane-matthew_00000296_post_disaster.png,Full dataset\train\train\labels\hurricane-matthew_00000296_pre_disaster.json,Full dataset\train\train\labels\hurricane-matthew_00000296_post_disaster.json,335,16,259,40,20
hurricane-florence_00000492,major-damage,major_damage,hurricane-florence,flooding,Full dataset\train\train\images\hurricane-florence_00000492_pre_disaster.png,Full dataset\train\train\images\hurricane-florence_00000492_post_disaster.png,Full dataset\train\train\labels\hurricane-florence_00000492_pre_disaster.json,Full dataset\train\train\labels\hurricane-florence_00000492_post_disaster.json,4,0,0,4,0
hurricane-matthew_00000213,destroyed,destroyed,hurricane-matthew,wind,Full dataset\train\train\images\hurricane-matthew_00000213_pre_disaster.png,Full dataset\train\train\images\hurricane-matthew_00000213_post_disaster.png,Full dataset\train\train\labels\hurricane-matthew_00000213_pre_disaster.json,Full dataset\train\train\labels\hurricane-matthew_00000213_post_disaster.json,5,0,1,0,4
hurricane-florence_00000513,major-damage,major_damage,hurricane-florence,flooding,Full dataset\train\train\images\hurricane-florence_00000513_pre_disaster.png,Full dataset\train\train\images\hurricane-florence_00000513_post_disaster.png,Full dataset\train\train\labels\hurricane-florence_00000513_pre_disaster.json,Full dataset\train\train\labels\hurricane-florence_00000513_post_disaster.json,4,0,0,4,0
palu-tsunami_00000020,major-damage,major_damage,palu-tsunami,tsunami,Full dataset\train\train\images\palu-tsunami_00000020_pre_disaster.png,Full dataset\train\train\images\palu-tsunami_00000020_post_disaster.png,Full dataset\train\train\labels\palu-tsunami_00000020_pre_disaster.json,Full dataset\train\train\labels\palu-tsunami_00000020_post_disaster.json,87,14,0,3,70
mexico-earthquake_00000033,no-damage,no_damage,mexico-earthquake,earthquake,Full dataset\train\train\images\mexico-earthquake_00000033_pre_disaster.png,Full dataset\train\train\images\mexico-earthquake_00000033_post_disaster.png,Full dataset\train\train\labels\mexico-earthquake_00000033_pre_disaster.json,Full dataset\train\train\labels\mexico-earthquake_00000033_post_disaster.json,93,93,0,0,0
socal-fire_00000420,destroyed,destroyed,socal-fire,fire,Full dataset\train\train\images\socal-fire_00000420_pre_disaster.png,Full dataset\train\train\images\socal-fire_00000420_post_disaster.png,Full dataset\train\train\labels\socal-fire_00000420_pre_disaster.json,Full dataset\train\train\labels\socal-fire_00000420_post_disaster.json,2,0,0,0,2
socal-fire_00001389,major-damage,major_damage,socal-fire,fire,Full dataset\train\train\images\socal-fire_00001389_pre_disaster.png,Full dataset\train\train\images\socal-fire_00001389_post_disaster.png,Full dataset\train\train\labels\socal-fire_00001389_pre_disaster.json,Full dataset\train\train\labels\socal-fire_00001389_post_disaster.json,4,2,0,0,2
socal-fire_00001352,no-damage,no_damage,socal-fire,fire,Full dataset\train\train\images\socal-fire_00001352_pre_disaster.png,Full dataset\train\train\images\socal-fire_00001352_post_disaster.png,Full dataset\train\train\labels\socal-fire_00001352_pre_disaster.json,Full dataset\train\train\labels\socal-fire_00001352_post_disaster.json,77,77,0,0,0
palu-tsunami_00000026,destroyed,destroyed,palu-tsunami,tsunami,Full dataset\train\train\images\palu-tsunami_00000026_pre_disaster.png,Full dataset\train\train\images\palu-tsunami_00000026_post_disaster.png,Full dataset\train\train\labels\palu-tsunami_00000026_pre_disaster.json,Full dataset\train\train\labels\palu-tsunami_00000026_post_disaster.json,54,0,0,3,51
hurricane-matthew_00000241,major-damage,major_damage,hurricane-matthew,wind,Full dataset\train\train\images\hurricane-matthew_00000241_pre_disaster.png,Full dataset\train\train\images\hurricane-matthew_00000241_post_disaster.png,Full dataset\train\train\labels\hurricane-matthew_00000241_pre_disaster.json,Full dataset\train\train\labels\hurricane-matthew_00000241_post_disaster.json,9,0,2,4,3
hurricane-michael_00000413,minor-damage,minor_damage,hurricane-michael,wind,Full dataset\train\train\images\hurricane-michael_00000413_pre_disaster.png,Full dataset\train\train\images\hurricane-michael_00000413_post_disaster.png,Full dataset\train\train\labels\hurricane-michael_00000413_pre_disaster.json,Full dataset\train\train\labels\hurricane-michael_00000413_post_disaster.json,132,58,39,22,13
socal-fire_00000193,destroyed,destroyed,socal-fire,fire,Full dataset\train\train\images\socal-fire_00000193_pre_disaster.png,Full dataset\train\train\images\socal-fire_00000193_post_disaster.png,Full dataset\train\train\labels\socal-fire_00000193_pre_disaster.json,Full dataset\train\train\labels\socal-fire_00000193_post_disaster.json,1,0,0,0,1
socal-fire_00001367,no-damage,no_damage,socal-fire,fire,Full dataset\train\train\images\socal-fire_00001367_pre_disaster.png,Full dataset\train\train\images\socal-fire_00001367_post_disaster.png,Full dataset\train\train\labels\socal-fire_00001367_pre_disaster.json,Full dataset\train\train\labels\socal-fire_00001367_post_disaster.json,3,3,0,0,0
hurricane-matthew_00000238,destroyed,destroyed,hurricane-matthew,wind,Full dataset\train\train\images\hurricane-matthew_00000238_pre_disaster.png,Full dataset\train\train\images\hurricane-matthew_00000238_post_disaster.png,Full dataset\train\train\labels\hurricane-matthew_00000238_pre_disaster.json,Full dataset\train\train\labels\hurricane-matthew_00000238_post_disaster.json,5,0,1,0,4
midwest-flooding_00000431,no-damage,no_damage,midwest-flooding,flooding,Full dataset\train\train\images\midwest-flooding_00000431_pre_disaster.png,Full dataset\train\train\images\midwest-flooding_00000431_post_disaster.png,Full dataset\train\train\labels\midwest-flooding_00000431_pre_disaster.json,Full dataset\train\train\labels\midwest-flooding_00000431_post_disaster.json,26,26,0,0,0
socal-fire_00000494,major-damage,major_damage,socal-fire,fire,Full dataset\train\train\images\socal-fire_00000494_pre_disaster.png,Full dataset\train\train\images\socal-fire_00000494_post_disaster.png,Full dataset\train\train\labels\socal-fire_00000494_pre_disaster.json,Full dataset\train\train\labels\socal-fire_00000494_post_disaster.json,21,9,0,1,11
palu-tsunami_00000118,destroyed,destroyed,palu-tsunami,tsunami,Full dataset\train\train\images\palu-tsunami_00000118_pre_disaster.png,Full dataset\train\train\images\palu-tsunami_00000118_post_disaster.png,Full dataset\train\train\labels\palu-tsunami_00000118_pre_disaster.json,Full dataset\train\train\labels\palu-tsunami_00000118_post_disaster.json,1843,294,0,9,1540
mexico-earthquake_00000074,no-damage,no_damage,mexico-earthquake,earthquake,Full dataset\train\train\images\mexico-earthquake_00000074_pre_disaster.png,Full dataset\train\train\images\mexico-earthquake_00000074_post_disaster.png,Full dataset\train\train\labels\mexico-earthquake_00000074_pre_disaster.json,Full dataset\train\train\labels\mexico-earthquake_00000074_post_disaster.json,296,289,7,0,0
hurricane-matthew_00000054,minor-damage,minor_damage,hurricane-matthew,wind,Full dataset\train\train\images\hurricane-matthew_00000054_pre_disaster.png,Full dataset\train\train\images\hurricane-matthew_00000054_post_disaster.png,Full dataset\train\train\labels\hurricane-matthew_00000054_pre_disaster.json,Full dataset\train\train\labels\hurricane-matthew_00000054_post_disaster.json,38,14,24,0,0
hurricane-florence_00000188,major-damage,major_damage,hurricane-florence,flooding,Full dataset\train\train\images\hurricane-florence_00000188_pre_disaster.png,Full dataset\train\train\images\hurricane-florence_00000188_post_disaster.png,Full dataset\train\train\labels\hurricane-florence_00000188_pre_disaster.json,Full dataset\train\train\labels\hurricane-florence_00000188_post_disaster.json,10,0,0,10,0
hurricane-michael_00000486,minor-damage,minor_damage,hurricane-michael,wind,Full dataset\train\train\images\hurricane-michael_00000486_pre_disaster.png,Full dataset\train\train\images\hurricane-michael_00000486_post_disaster.png,Full dataset\train\train\labels\hurricane-michael_00000486_pre_disaster.json,Full dataset\train\train\labels\hurricane-michael_00000486_post_disaster.json,16,9,3,3,1
hurricane-florence_00000446,minor-damage,minor_damage,hurricane-florence,flooding,Full dataset\train\train\images\hurricane-florence_00000446_pre_disaster.png,Full dataset\train\train\images\hurricane-florence_00000446_post_disaster.png,Full dataset\train\train\labels\hurricane-florence_00000446_pre_disaster.json,Full dataset\train\train\labels\hurricane-florence_00000446_post_disaster.json,8,2,1,5,0
hurricane-florence_00000166,major-damage,major_damage,hurricane-florence,flooding,Full dataset\train\train\images\hurricane-florence_00000166_pre_disaster.png,Full dataset\train\train\images\hurricane-florence_00000166_post_disaster.png,Full dataset\train\train\labels\hurricane-florence_00000166_pre_disaster.json,Full dataset\train\train\labels\hurricane-florence_00000166_post_disaster.json,5,0,0,5,0
santa-rosa-wildfire_00000070,minor-damage,minor_damage,santa-rosa-wildfire,fire,Full dataset\train\train\images\santa-rosa-wildfire_00000070_pre_disaster.png,Full dataset\train\train\images\santa-rosa-wildfire_00000070_post_disaster.png,Full dataset\train\train\labels\santa-rosa-wildfire_00000070_pre_disaster.json,Full dataset\train\train\labels\santa-rosa-wildfire_00000070_post_disaster.json,34,19,0,0,15
socal-fire_00001120,destroyed,destroyed,socal-fire,fire,Full dataset\train\train\images\socal-fire_00001120_pre_disaster.png,Full dataset\train\train\images\socal-fire_00001120_post_disaster.png,Full dataset\train\train\labels\socal-fire_00001120_pre_disaster.json,Full dataset\train\train\labels\socal-fire_00001120_post_disaster.json,2,0,0,0,2
hurricane-michael_00000435,minor-damage,minor_damage,hurricane-michael,wind,Full dataset\train\train\images\hurricane-michael_00000435_pre_disaster.png,Full dataset\train\train\images\hurricane-michael_00000435_post_disaster.png,Full dataset\train\train\labels\hurricane-michael_00000435_pre_disaster.json,Full dataset\train\train\labels\hurricane-michael_00000435_post_disaster.json,34,20,6,5,3
hurricane-harvey_00000521,major-damage,major_damage,hurricane-harvey,flooding,Full dataset\train\train\images\hurricane-harvey_00000521_pre_disaster.png,Full dataset\train\train\images\hurricane-harvey_00000521_post_disaster.png,Full dataset\train\train\labels\hurricane-harvey_00000521_pre_disaster.json,Full dataset\train\train\labels\hurricane-harvey_00000521_post_disaster.json,22,0,5,16,1
midwest-flooding_00000290,destroyed,destroyed,midwest-flooding,flooding,Full dataset\train\train\images\midwest-flooding_00000290_pre_disaster.png,Full dataset\train\train\images\midwest-flooding_00000290_post_disaster.png,Full dataset\train\train\labels\midwest-flooding_00000290_pre_disaster.json,Full dataset\train\train\labels\midwest-flooding_00000290_post_disaster.json,1,0,0,0,1
midwest-flooding_00000130,minor-damage,minor_damage,midwest-flooding,flooding,Full dataset\train\train\images\midwest-flooding_00000130_pre_disaster.png,Full dataset\train\train\images\midwest-flooding_00000130_post_disaster.png,Full dataset\train\train\labels\midwest-flooding_00000130_pre_disaster.json,Full dataset\train\train\labels\midwest-flooding_00000130_post_disaster.json,11,7,1,1,2
hurricane-matthew_00000260,major-damage,major_damage,hurricane-matthew,wind,Full dataset\train\train\images\hurricane-matthew_00000260_pre_disaster.png,Full dataset\train\train\images\hurricane-matthew_00000260_post_disaster.png,Full dataset\train\train\labels\hurricane-matthew_00000260_pre_disaster.json,Full dataset\train\train\labels\hurricane-matthew_00000260_post_disaster.json,78,6,12,16,44
hurricane-harvey_00000406,destroyed,destroyed,hurricane-harvey,flooding,Full dataset\train\train\images\hurricane-harvey_00000406_pre_disaster.png,Full dataset\train\train\images\hurricane-harvey_00000406_post_disaster.png,Full dataset\train\train\labels\hurricane-harvey_00000406_pre_disaster.json,Full dataset\train\train\labels\hurricane-harvey_00000406_post_disaster.json,75,0,0,36,39
santa-rosa-wildfire_00000241,destroyed,destroyed,santa-rosa-wildfire,fire,Full dataset\train\train\images\santa-rosa-wildfire_00000241_pre_disaster.png,Full dataset\train\train\images\santa-rosa-wildfire_00000241_post_disaster.png,Full dataset\train\train\labels\santa-rosa-wildfire_00000241_pre_disaster.json,Full dataset\train\train\labels\santa-rosa-wildfire_00000241_post_disaster.json,5,0,0,0,5
santa-rosa-wildfire_00000297,major-damage,major_damage,santa-rosa-wildfire,fire,Full dataset\train\train\images\santa-rosa-wildfire_00000297_pre_disaster.png,Full dataset\train\train\images\santa-rosa-wildfire_00000297_post_disaster.png,Full dataset\train\train\labels\santa-rosa-wildfire_00000297_pre_disaster.json,Full dataset\train\train\labels\santa-rosa-wildfire_00000297_post_disaster.json,3,0,1,0,2
santa-rosa-wildfire_00000254,destroyed,destroyed,santa-rosa-wildfire,fire,Full dataset\train\train\images\santa-rosa-wildfire_00000254_pre_disaster.png,Full dataset\train\train\images\santa-rosa-wildfire_00000254_post_disaster.png,Full dataset\train\train\labels\santa-rosa-wildfire_00000254_pre_disaster.json,Full dataset\train\train\labels\santa-rosa-wildfire_00000254_post_disaster.json,14,0,0,0,14
hurricane-matthew_00000153,major-damage,major_damage,hurricane-matthew,wind,Full dataset\train\train\images\hurricane-matthew_00000153_pre_disaster.png,Full dataset\train\train\images\hurricane-matthew_00000153_post_disaster.png,Full dataset\train\train\labels\hurricane-matthew_00000153_pre_disaster.json,Full dataset\train\train\labels\hurricane-matthew_00000153_post_disaster.json,38,2,7,6,23
hurricane-michael_00000035,minor-damage,minor_damage,hurricane-michael,wind,Full dataset\train\train\images\hurricane-michael_00000035_pre_disaster.png,Full dataset\train\train\images\hurricane-michael_00000035_post_disaster.png,Full dataset\train\train\labels\hurricane-michael_00000035_pre_disaster.json,Full dataset\train\train\labels\hurricane-michael_00000035_post_disaster.json,53,35,10,5,3
hurricane-florence_00000055,major-damage,major_damage,hurricane-florence,flooding,Full dataset\train\train\images\hurricane-florence_00000055_pre_disaster.png,Full dataset\train\train\images\hurricane-florence_00000055_post_disaster.png,Full dataset\train\train\labels\hurricane-florence_00000055_pre_disaster.json,Full dataset\train\train\labels\hurricane-florence_00000055_post_disaster.json,8,1,2,5,0
hurricane-harvey_00000165,major-damage,major_damage,hurricane-harvey,flooding,Full dataset\train\train\images\hurricane-harvey_00000165_pre_disaster.png,Full dataset\train\train\images\hurricane-harvey_00000165_post_disaster.png,Full dataset\train\train\labels\hurricane-harvey_00000165_pre_disaster.json,Full dataset\train\train\labels\hurricane-harvey_00000165_post_disaster.json,3,0,0,3,0
hurricane-florence_00000136,major-damage,major_damage,hurricane-florence,flooding,Full dataset\train\train\images\hurricane-florence_00000136_pre_disaster.png,Full dataset\train\train\images\hurricane-florence_00000136_post_disaster.png,Full dataset\train\train\labels\hurricane-florence_00000136_pre_disaster.json,Full dataset\train\train\labels\hurricane-florence_00000136_post_disaster.json,2,0,0,2,0
hurricane-matthew_00000384,destroyed,destroyed,hurricane-matthew,wind,Full dataset\train\train\images\hurricane-matthew_00000384_pre_disaster.png,Full dataset\train\train\images\hurricane-matthew_00000384_post_disaster.png,Full dataset\train\train\labels\hurricane-matthew_00000384_pre_disaster.json,Full dataset\train\train\labels\hurricane-matthew_00000384_post_disaster.json,14,0,0,1,13
midwest-flooding_00000073,no-damage,no_damage,midwest-flooding,flooding,Full dataset\train\train\images\midwest-flooding_00000073_pre_disaster.png,Full dataset\train\train\images\midwest-flooding_00000073_post_disaster.png,Full dataset\train\train\labels\midwest-flooding_00000073_pre_disaster.json,Full dataset\train\train\labels\midwest-flooding_00000073_post_disaster.json,0,0,0,0,0
midwest-flooding_00000436,destroyed,destroyed,midwest-flooding,flooding,Full dataset\train\train\images\midwest-flooding_00000436_pre_disaster.png,Full dataset\train\train\images\midwest-flooding_00000436_post_disaster.png,Full dataset\train\train\labels\midwest-flooding_00000436_pre_disaster.json,Full dataset\train\train\labels\midwest-flooding_00000436_post_disaster.json,2,0,0,0,2
hurricane-matthew_00000080,minor-damage,minor_damage,hurricane-matthew,wind,Full dataset\train\train\images\hurricane-matthew_00000080_pre_disaster.png,Full dataset\train\train\images\hurricane-matthew_00000080_post_disaster.png,Full dataset\train\train\labels\hurricane-matthew_00000080_pre_disaster.json,Full dataset\train\train\labels\hurricane-matthew_00000080_post_disaster.json,115,41,74,0,0
hurricane-michael_00000273,no-damage,no_damage,hurricane-michael,wind,Full dataset\train\train\images\hurricane-michael_00000273_pre_disaster.png,Full dataset\train\train\images\hurricane-michael_00000273_post_disaster.png,Full dataset\train\train\labels\hurricane-michael_00000273_pre_disaster.json,Full dataset\train\train\labels\hurricane-michael_00000273_post_disaster.json,61,43,9,8,1
hurricane-michael_00000294,minor-damage,minor_damage,hurricane-michael,wind,Full dataset\train\train\images\hurricane-michael_00000294_pre_disaster.png,Full dataset\train\train\images\hurricane-michael_00000294_post_disaster.png,Full dataset\train\train\labels\hurricane-michael_00000294_pre_disaster.json,Full dataset\train\train\labels\hurricane-michael_00000294_post_disaster.json,107,49,30,27,1
socal-fire_00001001,major-damage,major_damage,socal-fire,fire,Full dataset\train\train\images\socal-fire_00001001_pre_disaster.png,Full dataset\train\train\images\socal-fire_00001001_post_disaster.png,Full dataset\train\train\labels\socal-fire_00001001_pre_disaster.json,Full dataset\train\train\labels\socal-fire_00001001_post_disaster.json,44,4,7,0,33
hurricane-matthew_00000379,destroyed,destroyed,hurricane-matthew,wind,Full dataset\train\train\images\hurricane-matthew_00000379_pre_disaster.png,Full dataset\train\train\images\hurricane-matthew_00000379_post_disaster.png,Full dataset\train\train\labels\hurricane-matthew_00000379_pre_disaster.json,Full dataset\train\train\labels\hurricane-matthew_00000379_post_disaster.json,7,0,0,3,4
hurricane-matthew_00000366,destroyed,destroyed,hurricane-matthew,wind,Full dataset\train\train\images\hurricane-matthew_00000366_pre_disaster.png,Full dataset\train\train\images\hurricane-matthew_00000366_post_disaster.png,Full dataset\train\train\labels\hurricane-matthew_00000366_pre_disaster.json,Full dataset\train\train\labels\hurricane-matthew_00000366_post_disaster.json,13,0,1,2,10
hurricane-matthew_00000205,destroyed,destroyed,hurricane-matthew,wind,Full dataset\train\train\images\hurricane-matthew_00000205_pre_disaster.png,Full dataset\train\train\images\hurricane-matthew_00000205_post_disaster.png,Full dataset\train\train\labels\hurricane-matthew_00000205_pre_disaster.json,Full dataset\train\train\labels\hurricane-matthew_00000205_post_disaster.json,23,0,0,6,17
hurricane-harvey_00000373,minor-damage,minor_damage,hurricane-harvey,flooding,Full dataset\train\train\images\hurricane-harvey_00000373_pre_disaster.png,Full dataset\train\train\images\hurricane-harvey_00000373_post_disaster.png,Full dataset\train\train\labels\hurricane-harvey_00000373_pre_disaster.json,Full dataset\train\train\labels\hurricane-harvey_00000373_post_disaster.json,18,2,8,8,0
hurricane-matthew_00000134,minor-damage,minor_damage,hurricane-matthew,wind,Full dataset\train\train\images\hurricane-matthew_00000134_pre_disaster.png,Full dataset\train\train\images\hurricane-matthew_00000134_post_disaster.png,Full dataset\train\train\labels\hurricane-matthew_00000134_pre_disaster.json,Full dataset\train\train\labels\hurricane-matthew_00000134_post_disaster.json,32,14,16,1,1
guatemala-volcano_00000015,no-damage,no_damage,guatemala-volcano,volcano,Full dataset\train\train\images\guatemala-volcano_00000015_pre_disaster.png,Full dataset\train\train\images\guatemala-volcano_00000015_post_disaster.png,Full dataset\train\train\labels\guatemala-volcano_00000015_pre_disaster.json,Full dataset\train\train\labels\guatemala-volcano_00000015_post_disaster.json,131,131,0,0,0
palu-tsunami_00000069,minor-damage,minor_damage,palu-tsunami,tsunami,Full dataset\train\train\images\palu-tsunami_00000069_pre_disaster.png,Full dataset\train\train\images\palu-tsunami_00000069_post_disaster.png,Full dataset\train\train\labels\palu-tsunami_00000069_pre_disaster.json,Full dataset\train\train\labels\palu-tsunami_00000069_post_disaster.json,475,260,0,18,197
hurricane-matthew_00000390,destroyed,destroyed,hurricane-matthew,wind,Full dataset\train\train\images\hurricane-matthew_00000390_pre_disaster.png,Full dataset\train\train\images\hurricane-matthew_00000390_post_disaster.png,Full dataset\train\train\labels\hurricane-matthew_00000390_pre_disaster.json,Full dataset\train\train\labels\hurricane-matthew_00000390_post_disaster.json,26,0,0,1,25
socal-fire_00000264,no-damage,no_damage,socal-fire,fire,Full dataset\train\train\images\socal-fire_00000264_pre_disaster.png,Full dataset\train\train\images\socal-fire_00000264_post_disaster.png,Full dataset\train\train\labels\socal-fire_00000264_pre_disaster.json,Full dataset\train\train\labels\socal-fire_00000264_post_disaster.json,0,0,0,0,0
socal-fire_00000332,destroyed,destroyed,socal-fire,fire,Full dataset\train\train\images\socal-fire_00000332_pre_disaster.png,Full dataset\train\train\images\socal-fire_00000332_post_disaster.png,Full dataset\train\train\labels\socal-fire_00000332_pre_disaster.json,Full dataset\train\train\labels\socal-fire_00000332_post_disaster.json,2,0,0,0,2
santa-rosa-wildfire_00000148,major-damage,major_damage,santa-rosa-wildfire,fire,Full dataset\train\train\images\santa-rosa-wildfire_00000148_pre_disaster.png,Full dataset\train\train\images\santa-rosa-wildfire_00000148_post_disaster.png,Full dataset\train\train\labels\santa-rosa-wildfire_00000148_pre_disaster.json,Full dataset\train\train\labels\santa-rosa-wildfire_00000148_post_disaster.json,5,1,0,0,4
hurricane-michael_00000159,minor-damage,minor_damage,hurricane-michael,wind,Full dataset\train\train\images\hurricane-michael_00000159_pre_disaster.png,Full dataset\train\train\images\hurricane-michael_00000159_post_disaster.png,Full dataset\train\train\labels\hurricane-michael_00000159_pre_disaster.json,Full dataset\train\train\labels\hurricane-michael_00000159_post_disaster.json,102,34,34,27,7
socal-fire_00000810,major-damage,major_damage,socal-fire,fire,Full dataset\train\train\images\socal-fire_00000810_pre_disaster.png,Full dataset\train\train\images\socal-fire_00000810_post_disaster.png,Full dataset\train\train\labels\socal-fire_00000810_pre_disaster.json,Full dataset\train\train\labels\socal-fire_00000810_post_disaster.json,12,3,0,0,9
hurricane-harvey_00000508,minor-damage,minor_damage,hurricane-harvey,flooding,Full dataset\train\train\images\hurricane-harvey_00000508_pre_disaster.png,Full dataset\train\train\images\hurricane-harvey_00000508_post_disaster.png,Full dataset\train\train\labels\hurricane-harvey_00000508_pre_disaster.json,Full dataset\train\train\labels\hurricane-harvey_00000508_post_disaster.json,195,40,64,91,0
socal-fire_00001300,no-damage,no_damage,socal-fire,fire,Full dataset\train\train\images\socal-fire_00001300_pre_disaster.png,Full dataset\train\train\images\socal-fire_00001300_post_disaster.png,Full dataset\train\train\labels\socal-fire_00001300_pre_disaster.json,Full dataset\train\train\labels\socal-fire_00001300_post_disaster.json,0,0,0,0,0
hurricane-michael_00000170,minor-damage,minor_damage,hurricane-michael,wind,Full dataset\train\train\images\hurricane-michael_00000170_pre_disaster.png,Full dataset\train\train\images\hurricane-michael_00000170_post_disaster.png,Full dataset\train\train\labels\hurricane-michael_00000170_pre_disaster.json,Full dataset\train\train\labels\hurricane-michael_00000170_post_disaster.json,39,17,12,5,5
socal-fire_00000185,no-damage,no_damage,socal-fire,fire,Full dataset\train\train\images\socal-fire_00000185_pre_disaster.png,Full dataset\train\train\images\socal-fire_00000185_post_disaster.png,Full dataset\train\train\labels\socal-fire_00000185_pre_disaster.json,Full dataset\train\train\labels\socal-fire_00000185_post_disaster.json,0,0,0,0,0
hurricane-matthew_00000060,major-damage,major_damage,hurricane-matthew,wind,Full dataset\train\train\images\hurricane-matthew_00000060_pre_disaster.png,Full dataset\train\train\images\hurricane-matthew_00000060_post_disaster.png,Full dataset\train\train\labels\hurricane-matthew_00000060_pre_disaster.json,Full dataset\train\train\labels\hurricane-matthew_00000060_post_disaster.json,75,12,28,13,22
hurricane-harvey_00000438,minor-damage,minor_damage,hurricane-harvey,flooding,Full dataset\train\train\images\hurricane-harvey_00000438_pre_disaster.png,Full dataset\train\train\images\hurricane-harvey_00000438_post_disaster.png,Full dataset\train\train\labels\hurricane-harvey_00000438_pre_disaster.json,Full dataset\train\train\labels\hurricane-harvey_00000438_post_disaster.json,144,32,29,83,0
hurricane-matthew_00000099,minor-damage,minor_damage,hurricane-matthew,wind,Full dataset\train\train\images\hurricane-matthew_00000099_pre_disaster.png,Full dataset\train\train\images\hurricane-matthew_00000099_post_disaster.png,Full dataset\train\train\labels\hurricane-matthew_00000099_pre_disaster.json,Full dataset\train\train\labels\hurricane-matthew_00000099_post_disaster.json,84,5,76,3,0
hurricane-harvey_00000138,minor-damage,minor_damage,hurricane-harvey,flooding,Full dataset\train\train\images\hurricane-harvey_00000138_pre_disaster.png,Full dataset\train\train\images\hurricane-harvey_00000138_post_disaster.png,Full dataset\train\train\labels\hurricane-harvey_00000138_pre_disaster.json,Full dataset\train\train\labels\hurricane-harvey_00000138_post_disaster.json,35,0,31,4,0
socal-fire_00001124,no-damage,no_damage,socal-fire,fire,Full dataset\train\train\images\socal-fire_00001124_pre_disaster.png,Full dataset\train\train\images\socal-fire_00001124_post_disaster.png,Full dataset\train\train\labels\socal-fire_00001124_pre_disaster.json,Full dataset\train\train\labels\socal-fire_00001124_post_disaster.json,1,1,0,0,0
hurricane-harvey_00000365,major-damage,major_damage,hurricane-harvey,flooding,Full dataset\train\train\images\hurricane-harvey_00000365_pre_disaster.png,Full dataset\train\train\images\hurricane-harvey_00000365_post_disaster.png,Full dataset\train\train\labels\hurricane-harvey_00000365_pre_disaster.json,Full dataset\train\train\labels\hurricane-harvey_00000365_post_disaster.json,149,0,0,139,10
socal-fire_00001357,no-damage,no_damage,socal-fire,fire,Full dataset\train\train\images\socal-fire_00001357_pre_disaster.png,Full dataset\train\train\images\socal-fire_00001357_post_disaster.png,Full dataset\train\train\labels\socal-fire_00001357_pre_disaster.json,Full dataset\train\train\labels\socal-fire_00001357_post_disaster.json,0,0,0,0,0
hurricane-matthew_00000233,major-damage,major_damage,hurricane-matthew,wind,Full dataset\train\train\images\hurricane-matthew_00000233_pre_disaster.png,Full dataset\train\train\images\hurricane-matthew_00000233_post_disaster.png,Full dataset\train\train\labels\hurricane-matthew_00000233_pre_disaster.json,Full dataset\train\train\labels\hurricane-matthew_00000233_post_disaster.json,12,0,6,0,6
hurricane-florence_00000086,major-damage,major_damage,hurricane-florence,flooding,Full dataset\train\train\images\hurricane-florence_00000086_pre_disaster.png,Full dataset\train\train\images\hurricane-florence_00000086_post_disaster.png,Full dataset\train\train\labels\hurricane-florence_00000086_pre_disaster.json,Full dataset\train\train\labels\hurricane-florence_00000086_post_disaster.json,7,1,0,6,0
socal-fire_00000375,no-damage,no_damage,socal-fire,fire,Full dataset\train\train\images\socal-fire_00000375_pre_disaster.png,Full dataset\train\train\images\socal-fire_00000375_post_disaster.png,Full dataset\train\train\labels\socal-fire_00000375_pre_disaster.json,Full dataset\train\train\labels\socal-fire_00000375_post_disaster.json,32,32,0,0,0
hurricane-harvey_00000356,minor-damage,minor_damage,hurricane-harvey,flooding,Full dataset\train\train\images\hurricane-harvey_00000356_pre_disaster.png,Full dataset\train\train\images\hurricane-harvey_00000356_post_disaster.png,Full dataset\train\train\labels\hurricane-harvey_00000356_pre_disaster.json,Full dataset\train\train\labels\hurricane-harvey_00000356_post_disaster.json,141,32,78,29,2
hurricane-harvey_00000269,major-damage,major_damage,hurricane-harvey,flooding,Full dataset\train\train\images\hurricane-harvey_00000269_pre_disaster.png,Full dataset\train\train\images\hurricane-harvey_00000269_post_disaster.png,Full dataset\train\train\labels\hurricane-harvey_00000269_pre_disaster.json,Full dataset\train\train\labels\hurricane-harvey_00000269_post_disaster.json,15,0,0,15,0
hurricane-florence_00000388,major-damage,major_damage,hurricane-florence,flooding,Full dataset\train\train\images\hurricane-florence_00000388_pre_disaster.png,Full dataset\train\train\images\hurricane-florence_00000388_post_disaster.png,Full dataset\train\train\labels\hurricane-florence_00000388_pre_disaster.json,Full dataset\train\train\labels\hurricane-florence_00000388_post_disaster.json,8,0,0,8,0
midwest-flooding_00000010,destroyed,destroyed,midwest-flooding,flooding,Full dataset\train\train\images\midwest-flooding_00000010_pre_disaster.png,Full dataset\train\train\images\midwest-flooding_00000010_post_disaster.png,Full dataset\train\train\labels\midwest-flooding_00000010_pre_disaster.json,Full dataset\train\train\labels\midwest-flooding_00000010_post_disaster.json,2,0,0,0,2
hurricane-michael_00000152,minor-damage,minor_damage,hurricane-michael,wind,Full dataset\train\train\images\hurricane-michael_00000152_pre_disaster.png,Full dataset\train\train\images\hurricane-michael_00000152_post_disaster.png,Full dataset\train\train\labels\hurricane-michael_00000152_pre_disaster.json,Full dataset\train\train\labels\hurricane-michael_00000152_post_disaster.json,88,59,15,11,3
santa-rosa-wildfire_00000116,destroyed,destroyed,santa-rosa-wildfire,fire,Full dataset\train\train\images\santa-rosa-wildfire_00000116_pre_disaster.png,Full dataset\train\train\images\santa-rosa-wildfire_00000116_post_disaster.png,Full dataset\train\train\labels\santa-rosa-wildfire_00000116_pre_disaster.json,Full dataset\train\train\labels\santa-rosa-wildfire_00000116_post_disaster.json,3,0,0,0,3
midwest-flooding_00000168,destroyed,destroyed,midwest-flooding,flooding,Full dataset\train\train\images\midwest-flooding_00000168_pre_disaster.png,Full dataset\train\train\images\midwest-flooding_00000168_post_disaster.png,Full dataset\train\train\labels\midwest-flooding_00000168_pre_disaster.json,Full dataset\train\train\labels\midwest-flooding_00000168_post_disaster.json,1,0,0,0,1
socal-fire_00000417,minor-damage,minor_damage,socal-fire,fire,Full dataset\train\train\images\socal-fire_00000417_pre_disaster.png,Full dataset\train\train\images\socal-fire_00000417_post_disaster.png,Full dataset\train\train\labels\socal-fire_00000417_pre_disaster.json,Full dataset\train\train\labels\socal-fire_00000417_post_disaster.json,20,12,0,1,7
hurricane-michael_00000206,minor-damage,minor_damage,hurricane-michael,wind,Full dataset\train\train\images\hurricane-michael_00000206_pre_disaster.png,Full dataset\train\train\images\hurricane-michael_00000206_post_disaster.png,Full dataset\train\train\labels\hurricane-michael_00000206_pre_disaster.json,Full dataset\train\train\labels\hurricane-michael_00000206_post_disaster.json,186,109,41,28,8
santa-rosa-wildfire_00000228,major-damage,major_damage,santa-rosa-wildfire,fire,Full dataset\train\train\images\santa-rosa-wildfire_00000228_pre_disaster.png,Full dataset\train\train\images\santa-rosa-wildfire_00000228_post_disaster.png,Full dataset\train\train\labels\santa-rosa-wildfire_00000228_pre_disaster.json,Full dataset\train\train\labels\santa-rosa-wildfire_00000228_post_disaster.json,15,2,1,0,12
hurricane-florence_00000482,major-damage,major_damage,hurricane-florence,flooding,Full dataset\train\train\images\hurricane-florence_00000482_pre_disaster.png,Full dataset\train\train\images\hurricane-florence_00000482_post_disaster.png,Full dataset\train\train\labels\hurricane-florence_00000482_pre_disaster.json,Full dataset\train\train\labels\hurricane-florence_00000482_post_disaster.json,4,0,0,4,0
socal-fire_00000972,major-damage,major_damage,socal-fire,fire,Full dataset\train\train\images\socal-fire_00000972_pre_disaster.png,Full dataset\train\train\images\socal-fire_00000972_post_disaster.png,Full dataset\train\train\labels\socal-fire_00000972_pre_disaster.json,Full dataset\train\train\labels\socal-fire_00000972_post_disaster.json,7,2,0,2,3
hurricane-harvey_00000393,destroyed,destroyed,hurricane-harvey,flooding,Full dataset\train\train\images\hurricane-harvey_00000393_pre_disaster.png,Full dataset\train\train\images\hurricane-harvey_00000393_post_disaster.png,Full dataset\train\train\labels\hurricane-harvey_00000393_pre_disaster.json,Full dataset\train\train\labels\hurricane-harvey_00000393_post_disaster.json,11,0,0,2,9
santa-rosa-wildfire_00000251,destroyed,destroyed,santa-rosa-wildfire,fire,Full dataset\train\train\images\santa-rosa-wildfire_00000251_pre_disaster.png,Full dataset\train\train\images\santa-rosa-wildfire_00000251_post_disaster.png,Full dataset\train\train\labels\santa-rosa-wildfire_00000251_pre_disaster.json,Full dataset\train\train\labels\santa-rosa-wildfire_00000251_post_disaster.json,36,4,0,0,32
hurricane-harvey_00000366,no-damage,no_damage,hurricane-harvey,flooding,Full dataset\train\train\images\hurricane-harvey_00000366_pre_disaster.png,Full dataset\train\train\images\hurricane-harvey_00000366_post_disaster.png,Full dataset\train\train\labels\hurricane-harvey_00000366_pre_disaster.json,Full dataset\train\train\labels\hurricane-harvey_00000366_post_disaster.json,156,156,0,0,0
socal-fire_00000994,no-damage,no_damage,socal-fire,fire,Full dataset\train\train\images\socal-fire_00000994_pre_disaster.png,Full dataset\train\train\images\socal-fire_00000994_post_disaster.png,Full dataset\train\train\labels\socal-fire_00000994_pre_disaster.json,Full dataset\train\train\labels\socal-fire_00000994_post_disaster.json,0,0,0,0,0
mexico-earthquake_00000068,no-damage,no_damage,mexico-earthquake,earthquake,Full dataset\train\train\images\mexico-earthquake_00000068_pre_disaster.png,Full dataset\train\train\images\mexico-earthquake_00000068_post_disaster.png,Full dataset\train\train\labels\mexico-earthquake_00000068_pre_disaster.json,Full dataset\train\train\labels\mexico-earthquake_00000068_post_disaster.json,209,209,0,0,0
hurricane-florence_00000451,minor-damage,minor_damage,hurricane-florence,flooding,Full dataset\train\train\images\hurricane-florence_00000451_pre_disaster.png,Full dataset\train\train\images\hurricane-florence_00000451_post_disaster.png,Full dataset\train\train\labels\hurricane-florence_00000451_pre_disaster.json,Full dataset\train\train\labels\hurricane-florence_00000451_post_disaster.json,17,8,2,7,0
hurricane-matthew_00000200,destroyed,destroyed,hurricane-matthew,wind,Full dataset\train\train\images\hurricane-matthew_00000200_pre_disaster.png,Full dataset\train\train\images\hurricane-matthew_00000200_post_disaster.png,Full dataset\train\train\labels\hurricane-matthew_00000200_pre_disaster.json,Full dataset\train\train\labels\hurricane-matthew_00000200_post_disaster.json,18,0,1,2,15
hurricane-michael_00000067,no-damage,no_damage,hurricane-michael,wind,Full dataset\train\train\images\hurricane-michael_00000067_pre_disaster.png,Full dataset\train\train\images\hurricane-michael_00000067_post_disaster.png,Full dataset\train\train\labels\hurricane-michael_00000067_pre_disaster.json,Full dataset\train\train\labels\hurricane-michael_00000067_post_disaster.json,83,76,3,2,2
hurricane-florence_00000334,minor-damage,minor_damage,hurricane-florence,flooding,Full dataset\train\train\images\hurricane-florence_00000334_pre_disaster.png,Full dataset\train\train\images\hurricane-florence_00000334_post_disaster.png,Full dataset\train\train\labels\hurricane-florence_00000334_pre_disaster.json,Full dataset\train\train\labels\hurricane-florence_00000334_post_disaster.json,11,4,7,0,0
hurricane-michael_00000036,minor-damage,minor_damage,hurricane-michael,wind,Full dataset\train\train\images\hurricane-michael_00000036_pre_disaster.png,Full dataset\train\train\images\hurricane-michael_00000036_post_disaster.png,Full dataset\train\train\labels\hurricane-michael_00000036_pre_disaster.json,Full dataset\train\train\labels\hurricane-michael_00000036_post_disaster.json,31,8,18,4,1
socal-fire_00001253,no-damage,no_damage,socal-fire,fire,Full dataset\train\train\images\socal-fire_00001253_pre_disaster.png,Full dataset\train\train\images\socal-fire_00001253_post_disaster.png,Full dataset\train\train\labels\socal-fire_00001253_pre_disaster.json,Full dataset\train\train\labels\socal-fire_00001253_post_disaster.json,0,0,0,0,0
socal-fire_00001196,no-damage,no_damage,socal-fire,fire,Full dataset\train\train\images\socal-fire_00001196_pre_disaster.png,Full dataset\train\train\images\socal-fire_00001196_post_disaster.png,Full dataset\train\train\labels\socal-fire_00001196_pre_disaster.json,Full dataset\train\train\labels\socal-fire_00001196_post_disaster.json,2,2,0,0,0
santa-rosa-wildfire_00000372,no-damage,no_damage,santa-rosa-wildfire,fire,Full dataset\train\train\images\santa-rosa-wildfire_00000372_pre_disaster.png,Full dataset\train\train\images\santa-rosa-wildfire_00000372_post_disaster.png,Full dataset\train\train\labels\santa-rosa-wildfire_00000372_pre_disaster.json,Full dataset\train\train\labels\santa-rosa-wildfire_00000372_post_disaster.json,217,217,0,0,0
hurricane-michael_00000133,minor-damage,minor_damage,hurricane-michael,wind,Full dataset\train\train\images\hurricane-michael_00000133_pre_disaster.png,Full dataset\train\train\images\hurricane-michael_00000133_post_disaster.png,Full dataset\train\train\labels\hurricane-michael_00000133_pre_disaster.json,Full dataset\train\train\labels\hurricane-michael_00000133_post_disaster.json,223,94,99,19,11
hurricane-matthew_00000234,destroyed,destroyed,hurricane-matthew,wind,Full dataset\train\train\images\hurricane-matthew_00000234_pre_disaster.png,Full dataset\train\train\images\hurricane-matthew_00000234_post_disaster.png,Full dataset\train\train\labels\hurricane-matthew_00000234_pre_disaster.json,Full dataset\train\train\labels\hurricane-matthew_00000234_post_disaster.json,13,0,0,2,11
hurricane-harvey_00000071,major-damage,major_damage,hurricane-harvey,flooding,Full dataset\train\train\images\hurricane-harvey_00000071_pre_disaster.png,Full dataset\train\train\images\hurricane-harvey_00000071_post_disaster.png,Full dataset\train\train\labels\hurricane-harvey_00000071_pre_disaster.json,Full dataset\train\train\labels\hurricane-harvey_00000071_post_disaster.json,16,0,0,14,2
santa-rosa-wildfire_00000324,destroyed,destroyed,santa-rosa-wildfire,fire,Full dataset\train\train\images\santa-rosa-wildfire_00000324_pre_disaster.png,Full dataset\train\train\images\santa-rosa-wildfire_00000324_post_disaster.png,Full dataset\train\train\labels\santa-rosa-wildfire_00000324_pre_disaster.json,Full dataset\train\train\labels\santa-rosa-wildfire_00000324_post_disaster.json,17,0,0,0,17
hurricane-harvey_00000035,major-damage,major_damage,hurricane-harvey,flooding,Full dataset\train\train\images\hurricane-harvey_00000035_pre_disaster.png,Full dataset\train\train\images\hurricane-harvey_00000035_post_disaster.png,Full dataset\train\train\labels\hurricane-harvey_00000035_pre_disaster.json,Full dataset\train\train\labels\hurricane-harvey_00000035_post_disaster.json,5,0,0,5,0
hurricane-florence_00000024,no-damage,no_damage,hurricane-florence,flooding,Full dataset\train\train\images\hurricane-florence_00000024_pre_disaster.png,Full dataset\train\train\images\hurricane-florence_00000024_post_disaster.png,Full dataset\train\train\labels\hurricane-florence_00000024_pre_disaster.json,Full dataset\train\train\labels\hurricane-florence_00000024_post_disaster.json,15,15,0,0,0
hurricane-michael_00000267,minor-damage,minor_damage,hurricane-michael,wind,Full dataset\train\train\images\hurricane-michael_00000267_pre_disaster.png,Full dataset\train\train\images\hurricane-michael_00000267_post_disaster.png,Full dataset\train\train\labels\hurricane-michael_00000267_pre_disaster.json,Full dataset\train\train\labels\hurricane-michael_00000267_post_disaster.json,80,43,15,18,4
palu-tsunami_00000064,no-damage,no_damage,palu-tsunami,tsunami,Full dataset\train\train\images\palu-tsunami_00000064_pre_disaster.png,Full dataset\train\train\images\palu-tsunami_00000064_post_disaster.png,Full dataset\train\train\labels\palu-tsunami_00000064_pre_disaster.json,Full dataset\train\train\labels\palu-tsunami_00000064_post_disaster.json,257,250,0,0,7
santa-rosa-wildfire_00000208,destroyed,destroyed,santa-rosa-wildfire,fire,Full dataset\train\train\images\santa-rosa-wildfire_00000208_pre_disaster.png,Full dataset\train\train\images\santa-rosa-wildfire_00000208_post_disaster.png,Full dataset\train\train\labels\santa-rosa-wildfire_00000208_pre_disaster.json,Full dataset\train\train\labels\santa-rosa-wildfire_00000208_post_disaster.json,7,0,0,0,7
socal-fire_00001055,no-damage,no_damage,socal-fire,fire,Full dataset\train\train\images\socal-fire_00001055_pre_disaster.png,Full dataset\train\train\images\socal-fire_00001055_post_disaster.png,Full dataset\train\train\labels\socal-fire_00001055_pre_disaster.json,Full dataset\train\train\labels\socal-fire_00001055_post_disaster.json,0,0,0,0,0
hurricane-matthew_00000070,minor-damage,minor_damage,hurricane-matthew,wind,Full dataset\train\train\images\hurricane-matthew_00000070_pre_disaster.png,Full dataset\train\train\images\hurricane-matthew_00000070_post_disaster.png,Full dataset\train\train\labels\hurricane-matthew_00000070_pre_disaster.json,Full dataset\train\train\labels\hurricane-matthew_00000070_post_disaster.json,2,1,1,0,0
socal-fire_00000259,no-damage,no_damage,socal-fire,fire,Full dataset\train\train\images\socal-fire_00000259_pre_disaster.png,Full dataset\train\train\images\socal-fire_00000259_post_disaster.png,Full dataset\train\train\labels\socal-fire_00000259_pre_disaster.json,Full dataset\train\train\labels\socal-fire_00000259_post_disaster.json,0,0,0,0,0
socal-fire_00001115,no-damage,no_damage,socal-fire,fire,Full dataset\train\train\images\socal-fire_00001115_pre_disaster.png,Full dataset\train\train\images\socal-fire_00001115_post_disaster.png,Full dataset\train\train\labels\socal-fire_00001115_pre_disaster.json,Full dataset\train\train\labels\socal-fire_00001115_post_disaster.json,0,0,0,0,0
hurricane-florence_00000148,major-damage,major_damage,hurricane-florence,flooding,Full dataset\train\train\images\hurricane-florence_00000148_pre_disaster.png,Full dataset\train\train\images\hurricane-florence_00000148_post_disaster.png,Full dataset\train\train\labels\hurricane-florence_00000148_pre_disaster.json,Full dataset\train\train\labels\hurricane-florence_00000148_post_disaster.json,6,0,0,6,0
hurricane-harvey_00000277,major-damage,major_damage,hurricane-harvey,flooding,Full dataset\train\train\images\hurricane-harvey_00000277_pre_disaster.png,Full dataset\train\train\images\hurricane-harvey_00000277_post_disaster.png,Full dataset\train\train\labels\hurricane-harvey_00000277_pre_disaster.json,Full dataset\train\train\labels\hurricane-harvey_00000277_post_disaster.json,9,0,2,6,1
hurricane-florence_00000501,major-damage,major_damage,hurricane-florence,flooding,Full dataset\train\train\images\hurricane-florence_00000501_pre_disaster.png,Full dataset\train\train\images\hurricane-florence_00000501_post_disaster.png,Full dataset\train\train\labels\hurricane-florence_00000501_pre_disaster.json,Full dataset\train\train\labels\hurricane-florence_00000501_post_disaster.json,3,0,0,3,0
socal-fire_00001092,no-damage,no_damage,socal-fire,fire,Full dataset\train\train\images\socal-fire_00001092_pre_disaster.png,Full dataset\train\train\images\socal-fire_00001092_post_disaster.png,Full dataset\train\train\labels\socal-fire_00001092_pre_disaster.json,Full dataset\train\train\labels\socal-fire_00001092_post_disaster.json,59,58,0,0,1
hurricane-matthew_00000179,destroyed,destroyed,hurricane-matthew,wind,Full dataset\train\train\images\hurricane-matthew_00000179_pre_disaster.png,Full dataset\train\train\images\hurricane-matthew_00000179_post_disaster.png,Full dataset\train\train\labels\hurricane-matthew_00000179_pre_disaster.json,Full dataset\train\train\labels\hurricane-matthew_00000179_post_disaster.json,12,0,0,1,11
midwest-flooding_00000399,major-damage,major_damage,midwest-flooding,flooding,Full dataset\train\train\images\midwest-flooding_00000399_pre_disaster.png,Full dataset\train\train\images\midwest-flooding_00000399_post_disaster.png,Full dataset\train\train\labels\midwest-flooding_00000399_pre_disaster.json,Full dataset\train\train\labels\midwest-flooding_00000399_post_disaster.json,5,0,0,5,0
hurricane-harvey_00000462,major-damage,major_damage,hurricane-harvey,flooding,Full dataset\train\train\images\hurricane-harvey_00000462_pre_disaster.png,Full dataset\train\train\images\hurricane-harvey_00000462_post_disaster.png,Full dataset\train\train\labels\hurricane-harvey_00000462_pre_disaster.json,Full dataset\train\train\labels\hurricane-harvey_00000462_post_disaster.json,58,0,0,48,10
hurricane-michael_00000246,minor-damage,minor_damage,hurricane-michael,wind,Full dataset\train\train\images\hurricane-michael_00000246_pre_disaster.png,Full dataset\train\train\images\hurricane-michael_00000246_post_disaster.png,Full dataset\train\train\labels\hurricane-michael_00000246_pre_disaster.json,Full dataset\train\train\labels\hurricane-michael_00000246_post_disaster.json,143,77,47,19,0
midwest-flooding_00000293,no-damage,no_damage,midwest-flooding,flooding,Full dataset\train\train\images\midwest-flooding_00000293_pre_disaster.png,Full dataset\train\train\images\midwest-flooding_00000293_post_disaster.png,Full dataset\train\train\labels\midwest-flooding_00000293_pre_disaster.json,Full dataset\train\train\labels\midwest-flooding_00000293_post_disaster.json,4,3,1,0,0
hurricane-michael_00000444,minor-damage,minor_damage,hurricane-michael,wind,Full dataset\train\train\images\hurricane-michael_00000444_pre_disaster.png,Full dataset\train\train\images\hurricane-michael_00000444_post_disaster.png,Full dataset\train\train\labels\hurricane-michael_00000444_pre_disaster.json,Full dataset\train\train\labels\hurricane-michael_00000444_post_disaster.json,62,23,28,9,2
santa-rosa-wildfire_00000223,destroyed,destroyed,santa-rosa-wildfire,fire,Full dataset\train\train\images\santa-rosa-wildfire_00000223_pre_disaster.png,Full dataset\train\train\images\santa-rosa-wildfire_00000223_post_disaster.png,Full dataset\train\train\labels\santa-rosa-wildfire_00000223_pre_disaster.json,Full dataset\train\train\labels\santa-rosa-wildfire_00000223_post_disaster.json,15,2,0,0,13
socal-fire_00000222,minor-damage,minor_damage,socal-fire,fire,Full dataset\train\train\images\socal-fire_00000222_pre_disaster.png,Full dataset\train\train\images\socal-fire_00000222_post_disaster.png,Full dataset\train\train\labels\socal-fire_00000222_pre_disaster.json,Full dataset\train\train\labels\socal-fire_00000222_post_disaster.json,23,15,0,2,6
hurricane-michael_00000275,no-damage,no_damage,hurricane-michael,wind,Full dataset\train\train\images\hurricane-michael_00000275_pre_disaster.png,Full dataset\train\train\images\hurricane-michael_00000275_post_disaster.png,Full dataset\train\train\labels\hurricane-michael_00000275_pre_disaster.json,Full dataset\train\train\labels\hurricane-michael_00000275_post_disaster.json,17,14,2,1,0
hurricane-florence_00000356,no-damage,no_damage,hurricane-florence,flooding,Full dataset\train\train\images\hurricane-florence_00000356_pre_disaster.png,Full dataset\train\train\images\hurricane-florence_00000356_post_disaster.png,Full dataset\train\train\labels\hurricane-florence_00000356_pre_disaster.json,Full dataset\train\train\labels\hurricane-florence_00000356_post_disaster.json,6,6,0,0,0
hurricane-florence_00000442,major-damage,major_damage,hurricane-florence,flooding,Full dataset\train\train\images\hurricane-florence_00000442_pre_disaster.png,Full dataset\train\train\images\hurricane-florence_00000442_post_disaster.png,Full dataset\train\train\labels\hurricane-florence_00000442_pre_disaster.json,Full dataset\train\train\labels\hurricane-florence_00000442_post_disaster.json,63,0,2,61,0
hurricane-michael_00000151,minor-damage,minor_damage,hurricane-michael,wind,Full dataset\train\train\images\hurricane-michael_00000151_pre_disaster.png,Full dataset\train\train\images\hurricane-michael_00000151_post_disaster.png,Full dataset\train\train\labels\hurricane-michael_00000151_pre_disaster.json,Full dataset\train\train\labels\hurricane-michael_00000151_post_disaster.json,15,2,6,5,2
hurricane-florence_00000104,no-damage,no_damage,hurricane-florence,flooding,Full dataset\train\train\images\hurricane-florence_00000104_pre_disaster.png,Full dataset\train\train\images\hurricane-florence_00000104_post_disaster.png,Full dataset\train\train\labels\hurricane-florence_00000104_pre_disaster.json,Full dataset\train\train\labels\hurricane-florence_00000104_post_disaster.json,17,16,0,1,0
socal-fire_00000995,no-damage,no_damage,socal-fire,fire,Full dataset\train\train\images\socal-fire_00000995_pre_disaster.png,Full dataset\train\train\images\socal-fire_00000995_post_disaster.png,Full dataset\train\train\labels\socal-fire_00000995_pre_disaster.json,Full dataset\train\train\labels\socal-fire_00000995_post_disaster.json,0,0,0,0,0
socal-fire_00000367,destroyed,destroyed,socal-fire,fire,Full dataset\train\train\images\socal-fire_00000367_pre_disaster.png,Full dataset\train\train\images\socal-fire_00000367_post_disaster.png,Full dataset\train\train\labels\socal-fire_00000367_pre_disaster.json,Full dataset\train\train\labels\socal-fire_00000367_post_disaster.json,3,0,0,0,3
hurricane-florence_00000028,no-damage,no_damage,hurricane-florence,flooding,Full dataset\train\train\images\hurricane-florence_00000028_pre_disaster.png,Full dataset\train\train\images\hurricane-florence_00000028_post_disaster.png,Full dataset\train\train\labels\hurricane-florence_00000028_pre_disaster.json,Full dataset\train\train\labels\hurricane-florence_00000028_post_disaster.json,108,108,0,0,0
palu-tsunami_00000182,destroyed,destroyed,palu-tsunami,tsunami,Full dataset\train\train\images\palu-tsunami_00000182_pre_disaster.png,Full dataset\train\train\images\palu-tsunami_00000182_post_disaster.png,Full dataset\train\train\labels\palu-tsunami_00000182_pre_disaster.json,Full dataset\train\train\labels\palu-tsunami_00000182_post_disaster.json,614,79,0,24,511
hurricane-matthew_00000075,minor-damage,minor_damage,hurricane-matthew,wind,Full dataset\train\train\images\hurricane-matthew_00000075_pre_disaster.png,Full dataset\train\train\images\hurricane-matthew_00000075_post_disaster.png,Full dataset\train\train\labels\hurricane-matthew_00000075_pre_disaster.json,Full dataset\train\train\labels\hurricane-matthew_00000075_post_disaster.json,187,9,167,5,6
hurricane-florence_00000080,major-damage,major_damage,hurricane-florence,flooding,Full dataset\train\train\images\hurricane-florence_00000080_pre_disaster.png,Full dataset\train\train\images\hurricane-florence_00000080_post_disaster.png,Full dataset\train\train\labels\hurricane-florence_00000080_pre_disaster.json,Full dataset\train\train\labels\hurricane-florence_00000080_post_disaster.json,5,0,0,5,0
hurricane-harvey_00000273,no-damage,no_damage,hurricane-harvey,flooding,Full dataset\train\train\images\hurricane-harvey_00000273_pre_disaster.png,Full dataset\train\train\images\hurricane-harvey_00000273_post_disaster.png,Full dataset\train\train\labels\hurricane-harvey_00000273_pre_disaster.json,Full dataset\train\train\labels\hurricane-harvey_00000273_post_disaster.json,0,0,0,0,0
socal-fire_00000821,destroyed,destroyed,socal-fire,fire,Full dataset\train\train\images\socal-fire_00000821_pre_disaster.png,Full dataset\train\train\images\socal-fire_00000821_post_disaster.png,Full dataset\train\train\labels\socal-fire_00000821_pre_disaster.json,Full dataset\train\train\labels\socal-fire_00000821_post_disaster.json,23,0,0,0,23
socal-fire_00001088,minor-damage,minor_damage,socal-fire,fire,Full dataset\train\train\images\socal-fire_00001088_pre_disaster.png,Full dataset\train\train\images\socal-fire_00001088_post_disaster.png,Full dataset\train\train\labels\socal-fire_00001088_pre_disaster.json,Full dataset\train\train\labels\socal-fire_00001088_post_disaster.json,30,21,0,0,9
hurricane-harvey_00000040,major-damage,major_damage,hurricane-harvey,flooding,Full dataset\train\train\images\hurricane-harvey_00000040_pre_disaster.png,Full dataset\train\train\images\hurricane-harvey_00000040_post_disaster.png,Full dataset\train\train\labels\hurricane-harvey_00000040_pre_disaster.json,Full dataset\train\train\labels\hurricane-harvey_00000040_post_disaster.json,14,0,3,11,0
hurricane-harvey_00000391,major-damage,major_damage,hurricane-harvey,flooding,Full dataset\train\train\images\hurricane-harvey_00000391_pre_disaster.png,Full dataset\train\train\images\hurricane-harvey_00000391_post_disaster.png,Full dataset\train\train\labels\hurricane-harvey_00000391_pre_disaster.json,Full dataset\train\train\labels\hurricane-harvey_00000391_post_disaster.json,135,0,26,86,23
hurricane-matthew_00000347,minor-damage,minor_damage,hurricane-matthew,wind,Full dataset\train\train\images\hurricane-matthew_00000347_pre_disaster.png,Full dataset\train\train\images\hurricane-matthew_00000347_post_disaster.png,Full dataset\train\train\labels\hurricane-matthew_00000347_pre_disaster.json,Full dataset\train\train\labels\hurricane-matthew_00000347_post_disaster.json,34,7,18,3,6
hurricane-florence_00000070,major-damage,major_damage,hurricane-florence,flooding,Full dataset\train\train\images\hurricane-florence_00000070_pre_disaster.png,Full dataset\train\train\images\hurricane-florence_00000070_post_disaster.png,Full dataset\train\train\labels\hurricane-florence_00000070_pre_disaster.json,Full dataset\train\train\labels\hurricane-florence_00000070_post_disaster.json,14,0,1,13,0
socal-fire_00000488,minor-damage,minor_damage,socal-fire,fire,Full dataset\train\train\images\socal-fire_00000488_pre_disaster.png,Full dataset\train\train\images\socal-fire_00000488_post_disaster.png,Full dataset\train\train\labels\socal-fire_00000488_pre_disaster.json,Full dataset\train\train\labels\socal-fire_00000488_post_disaster.json,22,14,2,0,6
hurricane-matthew_00000331,major-damage,major_damage,hurricane-matthew,wind,Full dataset\train\train\images\hurricane-matthew_00000331_pre_disaster.png,Full dataset\train\train\images\hurricane-matthew_00000331_post_disaster.png,Full dataset\train\train\labels\hurricane-matthew_00000331_pre_disaster.json,Full dataset\train\train\labels\hurricane-matthew_00000331_post_disaster.json,7,0,4,1,2
santa-rosa-wildfire_00000280,destroyed,destroyed,santa-rosa-wildfire,fire,Full dataset\train\train\images\santa-rosa-wildfire_00000280_pre_disaster.png,Full dataset\train\train\images\santa-rosa-wildfire_00000280_post_disaster.png,Full dataset\train\train\labels\santa-rosa-wildfire_00000280_pre_disaster.json,Full dataset\train\train\labels\santa-rosa-wildfire_00000280_post_disaster.json,9,0,0,0,9
hurricane-michael_00000527,no-damage,no_damage,hurricane-michael,wind,Full dataset\train\train\images\hurricane-michael_00000527_pre_disaster.png,Full dataset\train\train\images\hurricane-michael_00000527_post_disaster.png,Full dataset\train\train\labels\hurricane-michael_00000527_pre_disaster.json,Full dataset\train\train\labels\hurricane-michael_00000527_post_disaster.json,230,230,0,0,0
mexico-earthquake_00000166,no-damage,no_damage,mexico-earthquake,earthquake,Full dataset\train\train\images\mexico-earthquake_00000166_pre_disaster.png,Full dataset\train\train\images\mexico-earthquake_00000166_post_disaster.png,Full dataset\train\train\labels\mexico-earthquake_00000166_pre_disaster.json,Full dataset\train\train\labels\mexico-earthquake_00000166_post_disaster.json,7,7,0,0,0
hurricane-florence_00000273,no-damage,no_damage,hurricane-florence,flooding,Full dataset\train\train\images\hurricane-florence_00000273_pre_disaster.png,Full dataset\train\train\images\hurricane-florence_00000273_post_disaster.png,Full dataset\train\train\labels\hurricane-florence_00000273_pre_disaster.json,Full dataset\train\train\labels\hurricane-florence_00000273_post_disaster.json,24,20,4,0,0
socal-fire_00000525,major-damage,major_damage,socal-fire,fire,Full dataset\train\train\images\socal-fire_00000525_pre_disaster.png,Full dataset\train\train\images\socal-fire_00000525_post_disaster.png,Full dataset\train\train\labels\socal-fire_00000525_pre_disaster.json,Full dataset\train\train\labels\socal-fire_00000525_post_disaster.json,32,14,1,0,17
palu-tsunami_00000125,minor-damage,minor_damage,palu-tsunami,tsunami,Full dataset\train\train\images\palu-tsunami_00000125_pre_disaster.png,Full dataset\train\train\images\palu-tsunami_00000125_post_disaster.png,Full dataset\train\train\labels\palu-tsunami_00000125_pre_disaster.json,Full dataset\train\train\labels\palu-tsunami_00000125_post_disaster.json,966,716,0,53,197
hurricane-florence_00000438,major-damage,major_damage,hurricane-florence,flooding,Full dataset\train\train\images\hurricane-florence_00000438_pre_disaster.png,Full dataset\train\train\images\hurricane-florence_00000438_post_disaster.png,Full dataset\train\train\labels\hurricane-florence_00000438_pre_disaster.json,Full dataset\train\train\labels\hurricane-florence_00000438_post_disaster.json,7,0,0,7,0
socal-fire_00000245,destroyed,destroyed,socal-fire,fire,Full dataset\train\train\images\socal-fire_00000245_pre_disaster.png,Full dataset\train\train\images\socal-fire_00000245_post_disaster.png,Full dataset\train\train\labels\socal-fire_00000245_pre_disaster.json,Full dataset\train\train\labels\socal-fire_00000245_post_disaster.json,11,0,0,0,11
hurricane-florence_00000476,major-damage,major_damage,hurricane-florence,flooding,Full dataset\train\train\images\hurricane-florence_00000476_pre_disaster.png,Full dataset\train\train\images\hurricane-florence_00000476_post_disaster.png,Full dataset\train\train\labels\hurricane-florence_00000476_pre_disaster.json,Full dataset\train\train\labels\hurricane-florence_00000476_post_disaster.json,8,0,0,8,0
hurricane-harvey_00000312,major-damage,major_damage,hurricane-harvey,flooding,Full dataset\train\train\images\hurricane-harvey_00000312_pre_disaster.png,Full dataset\train\train\images\hurricane-harvey_00000312_post_disaster.png,Full dataset\train\train\labels\hurricane-harvey_00000312_pre_disaster.json,Full dataset\train\train\labels\hurricane-harvey_00000312_post_disaster.json,32,0,3,29,0
socal-fire_00000510,destroyed,destroyed,socal-fire,fire,Full dataset\train\train\images\socal-fire_00000510_pre_disaster.png,Full dataset\train\train\images\socal-fire_00000510_post_disaster.png,Full dataset\train\train\labels\socal-fire_00000510_pre_disaster.json,Full dataset\train\train\labels\socal-fire_00000510_post_disaster.json,8,1,0,0,7
hurricane-michael_00000204,minor-damage,minor_damage,hurricane-michael,wind,Full dataset\train\train\images\hurricane-michael_00000204_pre_disaster.png,Full dataset\train\train\images\hurricane-michael_00000204_post_disaster.png,Full dataset\train\train\labels\hurricane-michael_00000204_pre_disaster.json,Full dataset\train\train\labels\hurricane-michael_00000204_post_disaster.json,89,10,66,5,8
santa-rosa-wildfire_00000187,destroyed,destroyed,santa-rosa-wildfire,fire,Full dataset\train\train\images\santa-rosa-wildfire_00000187_pre_disaster.png,Full dataset\train\train\images\santa-rosa-wildfire_00000187_post_disaster.png,Full dataset\train\train\labels\santa-rosa-wildfire_00000187_pre_disaster.json,Full dataset\train\train\labels\santa-rosa-wildfire_00000187_post_disaster.json,8,0,0,0,8
santa-rosa-wildfire_00000097,no-damage,no_damage,santa-rosa-wildfire,fire,Full dataset\train\train\images\santa-rosa-wildfire_00000097_pre_disaster.png,Full dataset\train\train\images\santa-rosa-wildfire_00000097_post_disaster.png,Full dataset\train\train\labels\santa-rosa-wildfire_00000097_pre_disaster.json,Full dataset\train\train\labels\santa-rosa-wildfire_00000097_post_disaster.json,141,135,0,0,6
hurricane-matthew_00000170,destroyed,destroyed,hurricane-matthew,wind,Full dataset\train\train\images\hurricane-matthew_00000170_pre_disaster.png,Full dataset\train\train\images\hurricane-matthew_00000170_post_disaster.png,Full dataset\train\train\labels\hurricane-matthew_00000170_pre_disaster.json,Full dataset\train\train\labels\hurricane-matthew_00000170_post_disaster.json,24,0,1,1,22
mexico-earthquake_00000052,no-damage,no_damage,mexico-earthquake,earthquake,Full dataset\train\train\images\mexico-earthquake_00000052_pre_disaster.png,Full dataset\train\train\images\mexico-earthquake_00000052_post_disaster.png,Full dataset\train\train\labels\mexico-earthquake_00000052_pre_disaster.json,Full dataset\train\train\labels\mexico-earthquake_00000052_post_disaster.json,854,837,12,5,0
socal-fire_00000907,minor-damage,minor_damage,socal-fire,fire,Full dataset\train\train\images\socal-fire_00000907_pre_disaster.png,Full dataset\train\train\images\socal-fire_00000907_post_disaster.png,Full dataset\train\train\labels\socal-fire_00000907_pre_disaster.json,Full dataset\train\train\labels\socal-fire_00000907_post_disaster.json,5,3,0,0,2
santa-rosa-wildfire_00000063,destroyed,destroyed,santa-rosa-wildfire,fire,Full dataset\train\train\images\santa-rosa-wildfire_00000063_pre_disaster.png,Full dataset\train\train\images\santa-rosa-wildfire_00000063_post_disaster.png,Full dataset\train\train\labels\santa-rosa-wildfire_00000063_pre_disaster.json,Full dataset\train\train\labels\santa-rosa-wildfire_00000063_post_disaster.json,236,29,0,1,206
hurricane-matthew_00000116,major-damage,major_damage,hurricane-matthew,wind,Full dataset\train\train\images\hurricane-matthew_00000116_pre_disaster.png,Full dataset\train\train\images\hurricane-matthew_00000116_post_disaster.png,Full dataset\train\train\labels\hurricane-matthew_00000116_pre_disaster.json,Full dataset\train\train\labels\hurricane-matthew_00000116_post_disaster.json,2,0,0,2,0
hurricane-matthew_00000211,destroyed,destroyed,hurricane-matthew,wind,Full dataset\train\train\images\hurricane-matthew_00000211_pre_disaster.png,Full dataset\train\train\images\hurricane-matthew_00000211_post_disaster.png,Full dataset\train\train\labels\hurricane-matthew_00000211_pre_disaster.json,Full dataset\train\train\labels\hurricane-matthew_00000211_post_disaster.json,30,0,5,3,22
socal-fire_00001333,minor-damage,minor_damage,socal-fire,fire,Full dataset\train\train\images\socal-fire_00001333_pre_disaster.png,Full dataset\train\train\images\socal-fire_00001333_post_disaster.png,Full dataset\train\train\labels\socal-fire_00001333_pre_disaster.json,Full dataset\train\train\labels\socal-fire_00001333_post_disaster.json,20,14,0,0,6
hurricane-florence_00000344,minor-damage,minor_damage,hurricane-florence,flooding,Full dataset\train\train\images\hurricane-florence_00000344_pre_disaster.png,Full dataset\train\train\images\hurricane-florence_00000344_post_disaster.png,Full dataset\train\train\labels\hurricane-florence_00000344_pre_disaster.json,Full dataset\train\train\labels\hurricane-florence_00000344_post_disaster.json,9,4,4,1,0
hurricane-florence_00000245,minor-damage,minor_damage,hurricane-florence,flooding,Full dataset\train\train\images\hurricane-florence_00000245_pre_disaster.png,Full dataset\train\train\images\hurricane-florence_00000245_post_disaster.png,Full dataset\train\train\labels\hurricane-florence_00000245_pre_disaster.json,Full dataset\train\train\labels\hurricane-florence_00000245_post_disaster.json,4,1,3,0,0
hurricane-matthew_00000162,destroyed,destroyed,hurricane-matthew,wind,Full dataset\train\train\images\hurricane-matthew_00000162_pre_disaster.png,Full dataset\train\train\images\hurricane-matthew_00000162_post_disaster.png,Full dataset\train\train\labels\hurricane-matthew_00000162_pre_disaster.json,Full dataset\train\train\labels\hurricane-matthew_00000162_post_disaster.json,28,0,0,5,23
hurricane-matthew_00000063,major-damage,major_damage,hurricane-matthew,wind,Full dataset\train\train\images\hurricane-matthew_00000063_pre_disaster.png,Full dataset\train\train\images\hurricane-matthew_00000063_post_disaster.png,Full dataset\train\train\labels\hurricane-matthew_00000063_pre_disaster.json,Full dataset\train\train\labels\hurricane-matthew_00000063_post_disaster.json,14,0,9,2,3
midwest-flooding_00000170,no-damage,no_damage,midwest-flooding,flooding,Full dataset\train\train\images\midwest-flooding_00000170_pre_disaster.png,Full dataset\train\train\images\midwest-flooding_00000170_post_disaster.png,Full dataset\train\train\labels\midwest-flooding_00000170_pre_disaster.json,Full dataset\train\train\labels\midwest-flooding_00000170_post_disaster.json,19,14,4,1,0
hurricane-matthew_00000103,minor-damage,minor_damage,hurricane-matthew,wind,Full dataset\train\train\images\hurricane-matthew_00000103_pre_disaster.png,Full dataset\train\train\images\hurricane-matthew_00000103_post_disaster.png,Full dataset\train\train\labels\hurricane-matthew_00000103_pre_disaster.json,Full dataset\train\train\labels\hurricane-matthew_00000103_post_disaster.json,70,0,66,4,0
hurricane-matthew_00000336,destroyed,destroyed,hurricane-matthew,wind,Full dataset\train\train\images\hurricane-matthew_00000336_pre_disaster.png,Full dataset\train\train\images\hurricane-matthew_00000336_post_disaster.png,Full dataset\train\train\labels\hurricane-matthew_00000336_pre_disaster.json,Full dataset\train\train\labels\hurricane-matthew_00000336_post_disaster.json,14,0,0,0,14
midwest-flooding_00000058,no-damage,no_damage,midwest-flooding,flooding,Full dataset\train\train\images\midwest-flooding_00000058_pre_disaster.png,Full dataset\train\train\images\midwest-flooding_00000058_post_disaster.png,Full dataset\train\train\labels\midwest-flooding_00000058_pre_disaster.json,Full dataset\train\train\labels\midwest-flooding_00000058_post_disaster.json,100,100,0,0,0
socal-fire_00001256,no-damage,no_damage,socal-fire,fire,Full dataset\train\train\images\socal-fire_00001256_pre_disaster.png,Full dataset\train\train\images\socal-fire_00001256_post_disaster.png,Full dataset\train\train\labels\socal-fire_00001256_pre_disaster.json,Full dataset\train\train\labels\socal-fire_00001256_post_disaster.json,0,0,0,0,0
socal-fire_00000522,destroyed,destroyed,socal-fire,fire,Full dataset\train\train\images\socal-fire_00000522_pre_disaster.png,Full dataset\train\train\images\socal-fire_00000522_post_disaster.png,Full dataset\train\train\labels\socal-fire_00000522_pre_disaster.json,Full dataset\train\train\labels\socal-fire_00000522_post_disaster.json,2,0,0,0,2
hurricane-harvey_00000137,major-damage,major_damage,hurricane-harvey,flooding,Full dataset\train\train\images\hurricane-harvey_00000137_pre_disaster.png,Full dataset\train\train\images\hurricane-harvey_00000137_post_disaster.png,Full dataset\train\train\labels\hurricane-harvey_00000137_pre_disaster.json,Full dataset\train\train\labels\hurricane-harvey_00000137_post_disaster.json,252,0,19,233,0
socal-fire_00001035,minor-damage,minor_damage,socal-fire,fire,Full dataset\train\train\images\socal-fire_00001035_pre_disaster.png,Full dataset\train\train\images\socal-fire_00001035_post_disaster.png,Full dataset\train\train\labels\socal-fire_00001035_pre_disaster.json,Full dataset\train\train\labels\socal-fire_00001035_post_disaster.json,5,3,0,0,2
santa-rosa-wildfire_00000224,no-damage,no_damage,santa-rosa-wildfire,fire,Full dataset\train\train\images\santa-rosa-wildfire_00000224_pre_disaster.png,Full dataset\train\train\images\santa-rosa-wildfire_00000224_post_disaster.png,Full dataset\train\train\labels\santa-rosa-wildfire_00000224_pre_disaster.json,Full dataset\train\train\labels\santa-rosa-wildfire_00000224_post_disaster.json,40,40,0,0,0
socal-fire_00000536,no-damage,no_damage,socal-fire,fire,Full dataset\train\train\images\socal-fire_00000536_pre_disaster.png,Full dataset\train\train\images\socal-fire_00000536_post_disaster.png,Full dataset\train\train\labels\socal-fire_00000536_pre_disaster.json,Full dataset\train\train\labels\socal-fire_00000536_post_disaster.json,0,0,0,0,0
hurricane-michael_00000309,minor-damage,minor_damage,hurricane-michael,wind,Full dataset\train\train\images\hurricane-michael_00000309_pre_disaster.png,Full dataset\train\train\images\hurricane-michael_00000309_post_disaster.png,Full dataset\train\train\labels\hurricane-michael_00000309_pre_disaster.json,Full dataset\train\train\labels\hurricane-michael_00000309_post_disaster.json,139,65,33,35,6
hurricane-matthew_00000093,minor-damage,minor_damage,hurricane-matthew,wind,Full dataset\train\train\images\hurricane-matthew_00000093_pre_disaster.png,Full dataset\train\train\images\hurricane-matthew_00000093_post_disaster.png,Full dataset\train\train\labels\hurricane-matthew_00000093_pre_disaster.json,Full dataset\train\train\labels\hurricane-matthew_00000093_post_disaster.json,2,0,2,0,0
hurricane-harvey_00000382,no-damage,no_damage,hurricane-harvey,flooding,Full dataset\train\train\images\hurricane-harvey_00000382_pre_disaster.png,Full dataset\train\train\images\hurricane-harvey_00000382_post_disaster.png,Full dataset\train\train\labels\hurricane-harvey_00000382_pre_disaster.json,Full dataset\train\train\labels\hurricane-harvey_00000382_post_disaster.json,143,143,0,0,0
hurricane-florence_00000462,major-damage,major_damage,hurricane-florence,flooding,Full dataset\train\train\images\hurricane-florence_00000462_pre_disaster.png,Full dataset\train\train\images\hurricane-florence_00000462_post_disaster.png,Full dataset\train\train\labels\hurricane-florence_00000462_pre_disaster.json,Full dataset\train\train\labels\hurricane-florence_00000462_post_disaster.json,27,0,0,27,0
hurricane-matthew_00000222,major-damage,major_damage,hurricane-matthew,wind,Full dataset\train\train\images\hurricane-matthew_00000222_pre_disaster.png,Full dataset\train\train\images\hurricane-matthew_00000222_post_disaster.png,Full dataset\train\train\labels\hurricane-matthew_00000222_pre_disaster.json,Full dataset\train\train\labels\hurricane-matthew_00000222_post_disaster.json,15,0,3,2,10
palu-tsunami_00000048,no-damage,no_damage,palu-tsunami,tsunami,Full dataset\train\train\images\palu-tsunami_00000048_pre_disaster.png,Full dataset\train\train\images\palu-tsunami_00000048_post_disaster.png,Full dataset\train\train\labels\palu-tsunami_00000048_pre_disaster.json,Full dataset\train\train\labels\palu-tsunami_00000048_post_disaster.json,163,155,0,1,7
hurricane-matthew_00000302,minor-damage,minor_damage,hurricane-matthew,wind,Full dataset\train\train\images\hurricane-matthew_00000302_pre_disaster.png,Full dataset\train\train\images\hurricane-matthew_00000302_post_disaster.png,Full dataset\train\train\labels\hurricane-matthew_00000302_pre_disaster.json,Full dataset\train\train\labels\hurricane-matthew_00000302_post_disaster.json,216,95,63,51,7
socal-fire_00000116,major-damage,major_damage,socal-fire,fire,Full dataset\train\train\images\socal-fire_00000116_pre_disaster.png,Full dataset\train\train\images\socal-fire_00000116_post_disaster.png,Full dataset\train\train\labels\socal-fire_00000116_pre_disaster.json,Full dataset\train\train\labels\socal-fire_00000116_post_disaster.json,3,1,0,0,2
socal-fire_00000442,minor-damage,minor_damage,socal-fire,fire,Full dataset\train\train\images\socal-fire_00000442_pre_disaster.png,Full dataset\train\train\images\socal-fire_00000442_post_disaster.png,Full dataset\train\train\labels\socal-fire_00000442_pre_disaster.json,Full dataset\train\train\labels\socal-fire_00000442_post_disaster.json,23,19,0,0,4
midwest-flooding_00000317,destroyed,destroyed,midwest-flooding,flooding,Full dataset\train\train\images\midwest-flooding_00000317_pre_disaster.png,Full dataset\train\train\images\midwest-flooding_00000317_post_disaster.png,Full dataset\train\train\labels\midwest-flooding_00000317_pre_disaster.json,Full dataset\train\train\labels\midwest-flooding_00000317_post_disaster.json,1,0,0,0,1
santa-rosa-wildfire_00000004,major-damage,major_damage,santa-rosa-wildfire,fire,Full dataset\train\train\images\santa-rosa-wildfire_00000004_pre_disaster.png,Full dataset\train\train\images\santa-rosa-wildfire_00000004_post_disaster.png,Full dataset\train\train\labels\santa-rosa-wildfire_00000004_pre_disaster.json,Full dataset\train\train\labels\santa-rosa-wildfire_00000004_post_disaster.json,4,1,0,0,3
hurricane-florence_00000043,destroyed,destroyed,hurricane-florence,flooding,Full dataset\train\train\images\hurricane-florence_00000043_pre_disaster.png,Full dataset\train\train\images\hurricane-florence_00000043_post_disaster.png,Full dataset\train\train\labels\hurricane-florence_00000043_pre_disaster.json,Full dataset\train\train\labels\hurricane-florence_00000043_post_disaster.json,1,0,0,0,1
socal-fire_00000102,destroyed,destroyed,socal-fire,fire,Full dataset\train\train\images\socal-fire_00000102_pre_disaster.png,Full dataset\train\train\images\socal-fire_00000102_post_disaster.png,Full dataset\train\train\labels\socal-fire_00000102_pre_disaster.json,Full dataset\train\train\labels\socal-fire_00000102_post_disaster.json,1,0,0,0,1
hurricane-harvey_00000338,minor-damage,minor_damage,hurricane-harvey,flooding,Full dataset\train\train\images\hurricane-harvey_00000338_pre_disaster.png,Full dataset\train\train\images\hurricane-harvey_00000338_post_disaster.png,Full dataset\train\train\labels\hurricane-harvey_00000338_pre_disaster.json,Full dataset\train\train\labels\hurricane-harvey_00000338_post_disaster.json,48,34,0,14,0
hurricane-michael_00000410,major-damage,major_damage,hurricane-michael,wind,Full dataset\train\train\images\hurricane-michael_00000410_pre_disaster.png,Full dataset\train\train\images\hurricane-michael_00000410_post_disaster.png,Full dataset\train\train\labels\hurricane-michael_00000410_pre_disaster.json,Full dataset\train\train\labels\hurricane-michael_00000410_post_disaster.json,4,1,0,1,2
hurricane-matthew_00000401,destroyed,destroyed,hurricane-matthew,wind,Full dataset\train\train\images\hurricane-matthew_00000401_pre_disaster.png,Full dataset\train\train\images\hurricane-matthew_00000401_post_disaster.png,Full dataset\train\train\labels\hurricane-matthew_00000401_pre_disaster.json,Full dataset\train\train\labels\hurricane-matthew_00000401_post_disaster.json,84,0,0,7,77
hurricane-michael_00000257,minor-damage,minor_damage,hurricane-michael,wind,Full dataset\train\train\images\hurricane-michael_00000257_pre_disaster.png,Full dataset\train\train\images\hurricane-michael_00000257_post_disaster.png,Full dataset\train\train\labels\hurricane-michael_00000257_pre_disaster.json,Full dataset\train\train\labels\hurricane-michael_00000257_post_disaster.json,47,27,9,9,2
hurricane-matthew_00000167,destroyed,destroyed,hurricane-matthew,wind,Full dataset\train\train\images\hurricane-matthew_00000167_pre_disaster.png,Full dataset\train\train\images\hurricane-matthew_00000167_post_disaster.png,Full dataset\train\train\labels\hurricane-matthew_00000167_pre_disaster.json,Full dataset\train\train\labels\hurricane-matthew_00000167_post_disaster.json,16,0,0,1,15
socal-fire_00000652,major-damage,major_damage,socal-fire,fire,Full dataset\train\train\images\socal-fire_00000652_pre_disaster.png,Full dataset\train\train\images\socal-fire_00000652_post_disaster.png,Full dataset\train\train\labels\socal-fire_00000652_pre_disaster.json,Full dataset\train\train\labels\socal-fire_00000652_post_disaster.json,2,1,0,0,1
santa-rosa-wildfire_00000046,destroyed,destroyed,santa-rosa-wildfire,fire,Full dataset\train\train\images\santa-rosa-wildfire_00000046_pre_disaster.png,Full dataset\train\train\images\santa-rosa-wildfire_00000046_post_disaster.png,Full dataset\train\train\labels\santa-rosa-wildfire_00000046_pre_disaster.json,Full dataset\train\train\labels\santa-rosa-wildfire_00000046_post_disaster.json,44,2,0,1,41
socal-fire_00000878,destroyed,destroyed,socal-fire,fire,Full dataset\train\train\images\socal-fire_00000878_pre_disaster.png,Full dataset\train\train\images\socal-fire_00000878_post_disaster.png,Full dataset\train\train\labels\socal-fire_00000878_pre_disaster.json,Full dataset\train\train\labels\socal-fire_00000878_post_disaster.json,1,0,0,0,1
hurricane-harvey_00000237,no-damage,no_damage,hurricane-harvey,flooding,Full dataset\train\train\images\hurricane-harvey_00000237_pre_disaster.png,Full dataset\train\train\images\hurricane-harvey_00000237_post_disaster.png,Full dataset\train\train\labels\hurricane-harvey_00000237_pre_disaster.json,Full dataset\train\train\labels\hurricane-harvey_00000237_post_disaster.json,283,283,0,0,0
hurricane-harvey_00000054,major-damage,major_damage,hurricane-harvey,flooding,Full dataset\train\train\images\hurricane-harvey_00000054_pre_disaster.png,Full dataset\train\train\images\hurricane-harvey_00000054_post_disaster.png,Full dataset\train\train\labels\hurricane-harvey_00000054_pre_disaster.json,Full dataset\train\train\labels\hurricane-harvey_00000054_post_disaster.json,2,0,0,2,0
hurricane-harvey_00000042,minor-damage,minor_damage,hurricane-harvey,flooding,Full dataset\train\train\images\hurricane-harvey_00000042_pre_disaster.png,Full dataset\train\train\images\hurricane-harvey_00000042_post_disaster.png,Full dataset\train\train\labels\hurricane-harvey_00000042_pre_disaster.json,Full dataset\train\train\labels\hurricane-harvey_00000042_post_disaster.json,9,3,3,3,0
palu-tsunami_00000034,no-damage,no_damage,palu-tsunami,tsunami,Full dataset\train\train\images\palu-tsunami_00000034_pre_disaster.png,Full dataset\train\train\images\palu-tsunami_00000034_post_disaster.png,Full dataset\train\train\labels\palu-tsunami_00000034_pre_disaster.json,Full dataset\train\train\labels\palu-tsunami_00000034_post_disaster.json,113,107,0,2,4
hurricane-harvey_00000346,minor-damage,minor_damage,hurricane-harvey,flooding,Full dataset\train\train\images\hurricane-harvey_00000346_pre_disaster.png,Full dataset\train\train\images\hurricane-harvey_00000346_post_disaster.png,Full dataset\train\train\labels\hurricane-harvey_00000346_pre_disaster.json,Full dataset\train\train\labels\hurricane-harvey_00000346_post_disaster.json,49,28,5,16,0
socal-fire_00000457,no-damage,no_damage,socal-fire,fire,Full dataset\train\train\images\socal-fire_00000457_pre_disaster.png,Full dataset\train\train\images\socal-fire_00000457_post_disaster.png,Full dataset\train\train\labels\socal-fire_00000457_pre_disaster.json,Full dataset\train\train\labels\socal-fire_00000457_post_disaster.json,0,0,0,0,0
midwest-flooding_00000435,no-damage,no_damage,midwest-flooding,flooding,Full dataset\train\train\images\midwest-flooding_00000435_pre_disaster.png,Full dataset\train\train\images\midwest-flooding_00000435_post_disaster.png,Full dataset\train\train\labels\midwest-flooding_00000435_pre_disaster.json,Full dataset\train\train\labels\midwest-flooding_00000435_post_disaster.json,68,61,0,0,7
santa-rosa-wildfire_00000176,major-damage,major_damage,santa-rosa-wildfire,fire,Full dataset\train\train\images\santa-rosa-wildfire_00000176_pre_disaster.png,Full dataset\train\train\images\santa-rosa-wildfire_00000176_post_disaster.png,Full dataset\train\train\labels\santa-rosa-wildfire_00000176_pre_disaster.json,Full dataset\train\train\labels\santa-rosa-wildfire_00000176_post_disaster.json,9,4,0,0,5
socal-fire_00001264,no-damage,no_damage,socal-fire,fire,Full dataset\train\train\images\socal-fire_00001264_pre_disaster.png,Full dataset\train\train\images\socal-fire_00001264_post_disaster.png,Full dataset\train\train\labels\socal-fire_00001264_pre_disaster.json,Full dataset\train\train\labels\socal-fire_00001264_post_disaster.json,36,36,0,0,0
hurricane-harvey_00000389,no-damage,no_damage,hurricane-harvey,flooding,Full dataset\train\train\images\hurricane-harvey_00000389_pre_disaster.png,Full dataset\train\train\images\hurricane-harvey_00000389_post_disaster.png,Full dataset\train\train\labels\hurricane-harvey_00000389_pre_disaster.json,Full dataset\train\train\labels\hurricane-harvey_00000389_post_disaster.json,56,56,0,0,0
hurricane-michael_00000211,minor-damage,minor_damage,hurricane-michael,wind,Full dataset\train\train\images\hurricane-michael_00000211_pre_disaster.png,Full dataset\train\train\images\hurricane-michael_00000211_post_disaster.png,Full dataset\train\train\labels\hurricane-michael_00000211_pre_disaster.json,Full dataset\train\train\labels\hurricane-michael_00000211_post_disaster.json,88,13,52,5,18
guatemala-volcano_00000001,minor-damage,minor_damage,guatemala-volcano,volcano,Full dataset\train\train\images\guatemala-volcano_00000001_pre_disaster.png,Full dataset\train\train\images\guatemala-volcano_00000001_post_disaster.png,Full dataset\train\train\labels\guatemala-volcano_00000001_pre_disaster.json,Full dataset\train\train\labels\guatemala-volcano_00000001_post_disaster.json,4,0,4,0,0
hurricane-harvey_00000060,major-damage,major_damage,hurricane-harvey,flooding,Full dataset\train\train\images\hurricane-harvey_00000060_pre_disaster.png,Full dataset\train\train\images\hurricane-harvey_00000060_post_disaster.png,Full dataset\train\train\labels\hurricane-harvey_00000060_pre_disaster.json,Full dataset\train\train\labels\hurricane-harvey_00000060_post_disaster.json,2,0,1,1,0
santa-rosa-wildfire_00000135,destroyed,destroyed,santa-rosa-wildfire,fire,Full dataset\train\train\images\santa-rosa-wildfire_00000135_pre_disaster.png,Full dataset\train\train\images\santa-rosa-wildfire_00000135_post_disaster.png,Full dataset\train\train\labels\santa-rosa-wildfire_00000135_pre_disaster.json,Full dataset\train\train\labels\santa-rosa-wildfire_00000135_post_disaster.json,26,1,1,0,24
hurricane-michael_00000087,minor-damage,minor_damage,hurricane-michael,wind,Full dataset\train\train\images\hurricane-michael_00000087_pre_disaster.png,Full dataset\train\train\images\hurricane-michael_00000087_post_disaster.png,Full dataset\train\train\labels\hurricane-michael_00000087_pre_disaster.json,Full dataset\train\train\labels\hurricane-michael_00000087_post_disaster.json,79,44,26,7,2
socal-fire_00001075,destroyed,destroyed,socal-fire,fire,Full dataset\train\train\images\socal-fire_00001075_pre_disaster.png,Full dataset\train\train\images\socal-fire_00001075_post_disaster.png,Full dataset\train\train\labels\socal-fire_00001075_pre_disaster.json,Full dataset\train\train\labels\socal-fire_00001075_post_disaster.json,64,8,3,0,53
santa-rosa-wildfire_00000277,destroyed,destroyed,santa-rosa-wildfire,fire,Full dataset\train\train\images\santa-rosa-wildfire_00000277_pre_disaster.png,Full dataset\train\train\images\santa-rosa-wildfire_00000277_post_disaster.png,Full dataset\train\train\labels\santa-rosa-wildfire_00000277_pre_disaster.json,Full dataset\train\train\labels\santa-rosa-wildfire_00000277_post_disaster.json,14,1,1,2,10
hurricane-florence_00000078,major-damage,major_damage,hurricane-florence,flooding,Full dataset\train\train\images\hurricane-florence_00000078_pre_disaster.png,Full dataset\train\train\images\hurricane-florence_00000078_post_disaster.png,Full dataset\train\train\labels\hurricane-florence_00000078_pre_disaster.json,Full dataset\train\train\labels\hurricane-florence_00000078_post_disaster.json,4,0,1,3,0
santa-rosa-wildfire_00000191,destroyed,destroyed,santa-rosa-wildfire,fire,Full dataset\train\train\images\santa-rosa-wildfire_00000191_pre_disaster.png,Full dataset\train\train\images\santa-rosa-wildfire_00000191_post_disaster.png,Full dataset\train\train\labels\santa-rosa-wildfire_00000191_pre_disaster.json,Full dataset\train\train\labels\santa-rosa-wildfire_00000191_post_disaster.json,7,0,0,0,7
hurricane-harvey_00000345,major-damage,major_damage,hurricane-harvey,flooding,Full dataset\train\train\images\hurricane-harvey_00000345_pre_disaster.png,Full dataset\train\train\images\hurricane-harvey_00000345_post_disaster.png,Full dataset\train\train\labels\hurricane-harvey_00000345_pre_disaster.json,Full dataset\train\train\labels\hurricane-harvey_00000345_post_disaster.json,11,2,0,1,8
santa-rosa-wildfire_00000192,no-damage,no_damage,santa-rosa-wildfire,fire,Full dataset\train\train\images\santa-rosa-wildfire_00000192_pre_disaster.png,Full dataset\train\train\images\santa-rosa-wildfire_00000192_post_disaster.png,Full dataset\train\train\labels\santa-rosa-wildfire_00000192_pre_disaster.json,Full dataset\train\train\labels\santa-rosa-wildfire_00000192_post_disaster.json,0,0,0,0,0
hurricane-matthew_00000143,minor-damage,minor_damage,hurricane-matthew,wind,Full dataset\train\train\images\hurricane-matthew_00000143_pre_disaster.png,Full dataset\train\train\images\hurricane-matthew_00000143_post_disaster.png,Full dataset\train\train\labels\hurricane-matthew_00000143_pre_disaster.json,Full dataset\train\train\labels\hurricane-matthew_00000143_post_disaster.json,173,67,96,5,5
socal-fire_00000462,destroyed,destroyed,socal-fire,fire,Full dataset\train\train\images\socal-fire_00000462_pre_disaster.png,Full dataset\train\train\images\socal-fire_00000462_post_disaster.png,Full dataset\train\train\labels\socal-fire_00000462_pre_disaster.json,Full dataset\train\train\labels\socal-fire_00000462_post_disaster.json,2,0,0,0,2
hurricane-florence_00000296,no-damage,no_damage,hurricane-florence,flooding,Full dataset\train\train\images\hurricane-florence_00000296_pre_disaster.png,Full dataset\train\train\images\hurricane-florence_00000296_post_disaster.png,Full dataset\train\train\labels\hurricane-florence_00000296_pre_disaster.json,Full dataset\train\train\labels\hurricane-florence_00000296_post_disaster.json,0,0,0,0,0
hurricane-michael_00000419,minor-damage,minor_damage,hurricane-michael,wind,Full dataset\train\train\images\hurricane-michael_00000419_pre_disaster.png,Full dataset\train\train\images\hurricane-michael_00000419_post_disaster.png,Full dataset\train\train\labels\hurricane-michael_00000419_pre_disaster.json,Full dataset\train\train\labels\hurricane-michael_00000419_post_disaster.json,31,17,9,5,0
santa-rosa-wildfire_00000306,destroyed,destroyed,santa-rosa-wildfire,fire,Full dataset\train\train\images\santa-rosa-wildfire_00000306_pre_disaster.png,Full dataset\train\train\images\santa-rosa-wildfire_00000306_post_disaster.png,Full dataset\train\train\labels\santa-rosa-wildfire_00000306_pre_disaster.json,Full dataset\train\train\labels\santa-rosa-wildfire_00000306_post_disaster.json,15,0,3,0,12
hurricane-michael_00000109,no-damage,no_damage,hurricane-michael,wind,Full dataset\train\train\images\hurricane-michael_00000109_pre_disaster.png,Full dataset\train\train\images\hurricane-michael_00000109_post_disaster.png,Full dataset\train\train\labels\hurricane-michael_00000109_pre_disaster.json,Full dataset\train\train\labels\hurricane-michael_00000109_post_disaster.json,61,51,10,0,0
santa-rosa-wildfire_00000035,destroyed,destroyed,santa-rosa-wildfire,fire,Full dataset\train\train\images\santa-rosa-wildfire_00000035_pre_disaster.png,Full dataset\train\train\images\santa-rosa-wildfire_00000035_post_disaster.png,Full dataset\train\train\labels\santa-rosa-wildfire_00000035_pre_disaster.json,Full dataset\train\train\labels\santa-rosa-wildfire_00000035_post_disaster.json,35,1,0,0,34
socal-fire_00000348,minor-damage,minor_damage,socal-fire,fire,Full dataset\train\train\images\socal-fire_00000348_pre_disaster.png,Full dataset\train\train\images\socal-fire_00000348_post_disaster.png,Full dataset\train\train\labels\socal-fire_00000348_pre_disaster.json,Full dataset\train\train\labels\socal-fire_00000348_post_disaster.json,27,16,0,0,11
hurricane-michael_00000199,minor-damage,minor_damage,hurricane-michael,wind,Full dataset\train\train\images\hurricane-michael_00000199_pre_disaster.png,Full dataset\train\train\images\hurricane-michael_00000199_post_disaster.png,Full dataset\train\train\labels\hurricane-michael_00000199_pre_disaster.json,Full dataset\train\train\labels\hurricane-michael_00000199_post_disaster.json,74,35,29,7,3
hurricane-matthew_00000380,destroyed,destroyed,hurricane-matthew,wind,Full dataset\train\train\images\hurricane-matthew_00000380_pre_disaster.png,Full dataset\train\train\images\hurricane-matthew_00000380_post_disaster.png,Full dataset\train\train\labels\hurricane-matthew_00000380_pre_disaster.json,Full dataset\train\train\labels\hurricane-matthew_00000380_post_disaster.json,64,0,0,11,53
hurricane-florence_00000366,major-damage,major_damage,hurricane-florence,flooding,Full dataset\train\train\images\hurricane-florence_00000366_pre_disaster.png,Full dataset\train\train\images\hurricane-florence_00000366_post_disaster.png,Full dataset\train\train\labels\hurricane-florence_00000366_pre_disaster.json,Full dataset\train\train\labels\hurricane-florence_00000366_post_disaster.json,8,0,1,7,0
santa-rosa-wildfire_00000321,destroyed,destroyed,santa-rosa-wildfire,fire,Full dataset\train\train\images\santa-rosa-wildfire_00000321_pre_disaster.png,Full dataset\train\train\images\santa-rosa-wildfire_00000321_post_disaster.png,Full dataset\train\train\labels\santa-rosa-wildfire_00000321_pre_disaster.json,Full dataset\train\train\labels\santa-rosa-wildfire_00000321_post_disaster.json,14,2,0,0,12
hurricane-harvey_00000066,minor-damage,minor_damage,hurricane-harvey,flooding,Full dataset\train\train\images\hurricane-harvey_00000066_pre_disaster.png,Full dataset\train\train\images\hurricane-harvey_00000066_post_disaster.png,Full dataset\train\train\labels\hurricane-harvey_00000066_pre_disaster.json,Full dataset\train\train\labels\hurricane-harvey_00000066_post_disaster.json,14,5,7,2,0
hurricane-michael_00000013,destroyed,destroyed,hurricane-michael,wind,Full dataset\train\train\images\hurricane-michael_00000013_pre_disaster.png,Full dataset\train\train\images\hurricane-michael_00000013_post_disaster.png,Full dataset\train\train\labels\hurricane-michael_00000013_pre_disaster.json,Full dataset\train\train\labels\hurricane-michael_00000013_post_disaster.json,3,0,0,0,3
hurricane-michael_00000040,minor-damage,minor_damage,hurricane-michael,wind,Full dataset\train\train\images\hurricane-michael_00000040_pre_disaster.png,Full dataset\train\train\images\hurricane-michael_00000040_post_disaster.png,Full dataset\train\train\labels\hurricane-michael_00000040_pre_disaster.json,Full dataset\train\train\labels\hurricane-michael_00000040_post_disaster.json,29,17,8,3,1
midwest-flooding_00000107,no-damage,no_damage,midwest-flooding,flooding,Full dataset\train\train\images\midwest-flooding_00000107_pre_disaster.png,Full dataset\train\train\images\midwest-flooding_00000107_post_disaster.png,Full dataset\train\train\labels\midwest-flooding_00000107_pre_disaster.json,Full dataset\train\train\labels\midwest-flooding_00000107_post_disaster.json,3,3,0,0,0
socal-fire_00000265,destroyed,destroyed,socal-fire,fire,Full dataset\train\train\images\socal-fire_00000265_pre_disaster.png,Full dataset\train\train\images\socal-fire_00000265_post_disaster.png,Full dataset\train\train\labels\socal-fire_00000265_pre_disaster.json,Full dataset\train\train\labels\socal-fire_00000265_post_disaster.json,4,0,0,0,4
hurricane-matthew_00000048,minor-damage,minor_damage,hurricane-matthew,wind,Full dataset\train\train\images\hurricane-matthew_00000048_pre_disaster.png,Full dataset\train\train\images\hurricane-matthew_00000048_post_disaster.png,Full dataset\train\train\labels\hurricane-matthew_00000048_pre_disaster.json,Full dataset\train\train\labels\hurricane-matthew_00000048_post_disaster.json,67,3,55,8,1
hurricane-matthew_00000174,destroyed,destroyed,hurricane-matthew,wind,Full dataset\train\train\images\hurricane-matthew_00000174_pre_disaster.png,Full dataset\train\train\images\hurricane-matthew_00000174_post_disaster.png,Full dataset\train\train\labels\hurricane-matthew_00000174_pre_disaster.json,Full dataset\train\train\labels\hurricane-matthew_00000174_post_disaster.json,29,0,2,3,24
palu-tsunami_00000057,major-damage,major_damage,palu-tsunami,tsunami,Full dataset\train\train\images\palu-tsunami_00000057_pre_disaster.png,Full dataset\train\train\images\palu-tsunami_00000057_post_disaster.png,Full dataset\train\train\labels\palu-tsunami_00000057_pre_disaster.json,Full dataset\train\train\labels\palu-tsunami_00000057_post_disaster.json,86,34,0,9,43
hurricane-harvey_00000047,major-damage,major_damage,hurricane-harvey,flooding,Full dataset\train\train\images\hurricane-harvey_00000047_pre_disaster.png,Full dataset\train\train\images\hurricane-harvey_00000047_post_disaster.png,Full dataset\train\train\labels\hurricane-harvey_00000047_pre_disaster.json,Full dataset\train\train\labels\hurricane-harvey_00000047_post_disaster.json,19,0,1,18,0
hurricane-michael_00000287,minor-damage,minor_damage,hurricane-michael,wind,Full dataset\train\train\images\hurricane-michael_00000287_pre_disaster.png,Full dataset\train\train\images\hurricane-michael_00000287_post_disaster.png,Full dataset\train\train\labels\hurricane-michael_00000287_pre_disaster.json,Full dataset\train\train\labels\hurricane-michael_00000287_post_disaster.json,107,50,31,26,0
santa-rosa-wildfire_00000271,destroyed,destroyed,santa-rosa-wildfire,fire,Full dataset\train\train\images\santa-rosa-wildfire_00000271_pre_disaster.png,Full dataset\train\train\images\santa-rosa-wildfire_00000271_post_disaster.png,Full dataset\train\train\labels\santa-rosa-wildfire_00000271_pre_disaster.json,Full dataset\train\train\labels\santa-rosa-wildfire_00000271_post_disaster.json,5,0,0,0,5
hurricane-florence_00000504,major-damage,major_damage,hurricane-florence,flooding,Full dataset\train\train\images\hurricane-florence_00000504_pre_disaster.png,Full dataset\train\train\images\hurricane-florence_00000504_post_disaster.png,Full dataset\train\train\labels\hurricane-florence_00000504_pre_disaster.json,Full dataset\train\train\labels\hurricane-florence_00000504_post_disaster.json,2,0,0,2,0
hurricane-florence_00000120,major-damage,major_damage,hurricane-florence,flooding,Full dataset\train\train\images\hurricane-florence_00000120_pre_disaster.png,Full dataset\train\train\images\hurricane-florence_00000120_post_disaster.png,Full dataset\train\train\labels\hurricane-florence_00000120_pre_disaster.json,Full dataset\train\train\labels\hurricane-florence_00000120_post_disaster.json,23,0,0,23,0
santa-rosa-wildfire_00000034,major-damage,major_damage,santa-rosa-wildfire,fire,Full dataset\train\train\images\santa-rosa-wildfire_00000034_pre_disaster.png,Full dataset\train\train\images\santa-rosa-wildfire_00000034_post_disaster.png,Full dataset\train\train\labels\santa-rosa-wildfire_00000034_pre_disaster.json,Full dataset\train\train\labels\santa-rosa-wildfire_00000034_post_disaster.json,10,2,0,0,8
socal-fire_00000909,minor-damage,minor_damage,socal-fire,fire,Full dataset\train\train\images\socal-fire_00000909_pre_disaster.png,Full dataset\train\train\images\socal-fire_00000909_post_disaster.png,Full dataset\train\train\labels\socal-fire_00000909_pre_disaster.json,Full dataset\train\train\labels\socal-fire_00000909_post_disaster.json,20,14,0,0,6
midwest-flooding_00000395,minor-damage,minor_damage,midwest-flooding,flooding,Full dataset\train\train\images\midwest-flooding_00000395_pre_disaster.png,Full dataset\train\train\images\midwest-flooding_00000395_post_disaster.png,Full dataset\train\train\labels\midwest-flooding_00000395_pre_disaster.json,Full dataset\train\train\labels\midwest-flooding_00000395_post_disaster.json,3,1,1,1,0
hurricane-matthew_00000120,minor-damage,minor_damage,hurricane-matthew,wind,Full dataset\train\train\images\hurricane-matthew_00000120_pre_disaster.png,Full dataset\train\train\images\hurricane-matthew_00000120_post_disaster.png,Full dataset\train\train\labels\hurricane-matthew_00000120_pre_disaster.json,Full dataset\train\train\labels\hurricane-matthew_00000120_post_disaster.json,85,30,36,13,6
socal-fire_00001379,no-damage,no_damage,socal-fire,fire,Full dataset\train\train\images\socal-fire_00001379_pre_disaster.png,Full dataset\train\train\images\socal-fire_00001379_post_disaster.png,Full dataset\train\train\labels\socal-fire_00001379_pre_disaster.json,Full dataset\train\train\labels\socal-fire_00001379_post_disaster.json,0,0,0,0,0
guatemala-volcano_00000019,no-damage,no_damage,guatemala-volcano,volcano,Full dataset\train\train\images\guatemala-volcano_00000019_pre_disaster.png,Full dataset\train\train\images\guatemala-volcano_00000019_post_disaster.png,Full dataset\train\train\labels\guatemala-volcano_00000019_pre_disaster.json,Full dataset\train\train\labels\guatemala-volcano_00000019_post_disaster.json,22,17,1,3,1
midwest-flooding_00000120,destroyed,destroyed,midwest-flooding,flooding,Full dataset\train\train\images\midwest-flooding_00000120_pre_disaster.png,Full dataset\train\train\images\midwest-flooding_00000120_post_disaster.png,Full dataset\train\train\labels\midwest-flooding_00000120_pre_disaster.json,Full dataset\train\train\labels\midwest-flooding_00000120_post_disaster.json,1,0,0,0,1
hurricane-harvey_00000041,major-damage,major_damage,hurricane-harvey,flooding,Full dataset\train\train\images\hurricane-harvey_00000041_pre_disaster.png,Full dataset\train\train\images\hurricane-harvey_00000041_post_disaster.png,Full dataset\train\train\labels\hurricane-harvey_00000041_pre_disaster.json,Full dataset\train\train\labels\hurricane-harvey_00000041_post_disaster.json,3,0,0,3,0
santa-rosa-wildfire_00000245,destroyed,destroyed,santa-rosa-wildfire,fire,Full dataset\train\train\images\santa-rosa-wildfire_00000245_pre_disaster.png,Full dataset\train\train\images\santa-rosa-wildfire_00000245_post_disaster.png,Full dataset\train\train\labels\santa-rosa-wildfire_00000245_pre_disaster.json,Full dataset\train\train\labels\santa-rosa-wildfire_00000245_post_disaster.json,1,0,0,0,1
hurricane-michael_00000283,minor-damage,minor_damage,hurricane-michael,wind,Full dataset\train\train\images\hurricane-michael_00000283_pre_disaster.png,Full dataset\train\train\images\hurricane-michael_00000283_post_disaster.png,Full dataset\train\train\labels\hurricane-michael_00000283_pre_disaster.json,Full dataset\train\train\labels\hurricane-michael_00000283_post_disaster.json,133,62,32,20,19
midwest-flooding_00000181,minor-damage,minor_damage,midwest-flooding,flooding,Full dataset\train\train\images\midwest-flooding_00000181_pre_disaster.png,Full dataset\train\train\images\midwest-flooding_00000181_post_disaster.png,Full dataset\train\train\labels\midwest-flooding_00000181_pre_disaster.json,Full dataset\train\train\labels\midwest-flooding_00000181_post_disaster.json,32,19,1,12,0
socal-fire_00000978,no-damage,no_damage,socal-fire,fire,Full dataset\train\train\images\socal-fire_00000978_pre_disaster.png,Full dataset\train\train\images\socal-fire_00000978_post_disaster.png,Full dataset\train\train\labels\socal-fire_00000978_pre_disaster.json,Full dataset\train\train\labels\socal-fire_00000978_post_disaster.json,0,0,0,0,0
hurricane-florence_00000508,major-damage,major_damage,hurricane-florence,flooding,Full dataset\train\train\images\hurricane-florence_00000508_pre_disaster.png,Full dataset\train\train\images\hurricane-florence_00000508_post_disaster.png,Full dataset\train\train\labels\hurricane-florence_00000508_pre_disaster.json,Full dataset\train\train\labels\hurricane-florence_00000508_post_disaster.json,11,0,0,10,1
hurricane-florence_00000459,major-damage,major_damage,hurricane-florence,flooding,Full dataset\train\train\images\hurricane-florence_00000459_pre_disaster.png,Full dataset\train\train\images\hurricane-florence_00000459_post_disaster.png,Full dataset\train\train\labels\hurricane-florence_00000459_pre_disaster.json,Full dataset\train\train\labels\hurricane-florence_00000459_post_disaster.json,56,1,3,52,0
palu-tsunami_00000168,destroyed,destroyed,palu-tsunami,tsunami,Full dataset\train\train\images\palu-tsunami_00000168_pre_disaster.png,Full dataset\train\train\images\palu-tsunami_00000168_post_disaster.png,Full dataset\train\train\labels\palu-tsunami_00000168_pre_disaster.json,Full dataset\train\train\labels\palu-tsunami_00000168_post_disaster.json,188,13,0,0,175
hurricane-florence_00000219,major-damage,major_damage,hurricane-florence,flooding,Full dataset\train\train\images\hurricane-florence_00000219_pre_disaster.png,Full dataset\train\train\images\hurricane-florence_00000219_post_disaster.png,Full dataset\train\train\labels\hurricane-florence_00000219_pre_disaster.json,Full dataset\train\train\labels\hurricane-florence_00000219_post_disaster.json,4,0,0,4,0
socal-fire_00000606,major-damage,major_damage,socal-fire,fire,Full dataset\train\train\images\socal-fire_00000606_pre_disaster.png,Full dataset\train\train\images\socal-fire_00000606_post_disaster.png,Full dataset\train\train\labels\socal-fire_00000606_pre_disaster.json,Full dataset\train\train\labels\socal-fire_00000606_post_disaster.json,3,1,0,0,2
socal-fire_00000585,destroyed,destroyed,socal-fire,fire,Full dataset\train\train\images\socal-fire_00000585_pre_disaster.png,Full dataset\train\train\images\socal-fire_00000585_post_disaster.png,Full dataset\train\train\labels\socal-fire_00000585_pre_disaster.json,Full dataset\train\train\labels\socal-fire_00000585_post_disaster.json,3,0,0,0,3
santa-rosa-wildfire_00000308,destroyed,destroyed,santa-rosa-wildfire,fire,Full dataset\train\train\images\santa-rosa-wildfire_00000308_pre_disaster.png,Full dataset\train\train\images\santa-rosa-wildfire_00000308_post_disaster.png,Full dataset\train\train\labels\santa-rosa-wildfire_00000308_pre_disaster.json,Full dataset\train\train\labels\santa-rosa-wildfire_00000308_post_disaster.json,7,0,0,0,7
socal-fire_00001260,no-damage,no_damage,socal-fire,fire,Full dataset\train\train\images\socal-fire_00001260_pre_disaster.png,Full dataset\train\train\images\socal-fire_00001260_post_disaster.png,Full dataset\train\train\labels\socal-fire_00001260_pre_disaster.json,Full dataset\train\train\labels\socal-fire_00001260_post_disaster.json,70,70,0,0,0
socal-fire_00000940,destroyed,destroyed,socal-fire,fire,Full dataset\train\train\images\socal-fire_00000940_pre_disaster.png,Full dataset\train\train\images\socal-fire_00000940_post_disaster.png,Full dataset\train\train\labels\socal-fire_00000940_pre_disaster.json,Full dataset\train\train\labels\socal-fire_00000940_post_disaster.json,6,0,0,1,5
socal-fire_00000429,destroyed,destroyed,socal-fire,fire,Full dataset\train\train\images\socal-fire_00000429_pre_disaster.png,Full dataset\train\train\images\socal-fire_00000429_post_disaster.png,Full dataset\train\train\labels\socal-fire_00000429_pre_disaster.json,Full dataset\train\train\labels\socal-fire_00000429_post_disaster.json,1,0,0,0,1
hurricane-florence_00000538,minor-damage,minor_damage,hurricane-florence,flooding,Full dataset\train\train\images\hurricane-florence_00000538_pre_disaster.png,Full dataset\train\train\images\hurricane-florence_00000538_post_disaster.png,Full dataset\train\train\labels\hurricane-florence_00000538_pre_disaster.json,Full dataset\train\train\labels\hurricane-florence_00000538_post_disaster.json,1,0,1,0,0
socal-fire_00000686,destroyed,destroyed,socal-fire,fire,Full dataset\train\train\images\socal-fire_00000686_pre_disaster.png,Full dataset\train\train\images\socal-fire_00000686_post_disaster.png,Full dataset\train\train\labels\socal-fire_00000686_pre_disaster.json,Full dataset\train\train\labels\socal-fire_00000686_post_disaster.json,15,0,0,0,15
hurricane-matthew_00000301,minor-damage,minor_damage,hurricane-matthew,wind,Full dataset\train\train\images\hurricane-matthew_00000301_pre_disaster.png,Full dataset\train\train\images\hurricane-matthew_00000301_post_disaster.png,Full dataset\train\train\labels\hurricane-matthew_00000301_pre_disaster.json,Full dataset\train\train\labels\hurricane-matthew_00000301_post_disaster.json,2,0,2,0,0
hurricane-harvey_00000207,minor-damage,minor_damage,hurricane-harvey,flooding,Full dataset\train\train\images\hurricane-harvey_00000207_pre_disaster.png,Full dataset\train\train\images\hurricane-harvey_00000207_post_disaster.png,Full dataset\train\train\labels\hurricane-harvey_00000207_pre_disaster.json,Full dataset\train\train\labels\hurricane-harvey_00000207_post_disaster.json,10,4,2,0,4
hurricane-harvey_00000039,major-damage,major_damage,hurricane-harvey,flooding,Full dataset\train\train\images\hurricane-harvey_00000039_pre_disaster.png,Full dataset\train\train\images\hurricane-harvey_00000039_post_disaster.png,Full dataset\train\train\labels\hurricane-harvey_00000039_pre_disaster.json,Full dataset\train\train\labels\hurricane-harvey_00000039_post_disaster.json,8,0,3,5,0
hurricane-harvey_00000019,major-damage,major_damage,hurricane-harvey,flooding,Full dataset\train\train\images\hurricane-harvey_00000019_pre_disaster.png,Full dataset\train\train\images\hurricane-harvey_00000019_post_disaster.png,Full dataset\train\train\labels\hurricane-harvey_00000019_pre_disaster.json,Full dataset\train\train\labels\hurricane-harvey_00000019_post_disaster.json,16,0,0,16,0
hurricane-matthew_00000207,destroyed,destroyed,hurricane-matthew,wind,Full dataset\train\train\images\hurricane-matthew_00000207_pre_disaster.png,Full dataset\train\train\images\hurricane-matthew_00000207_post_disaster.png,Full dataset\train\train\labels\hurricane-matthew_00000207_pre_disaster.json,Full dataset\train\train\labels\hurricane-matthew_00000207_post_disaster.json,38,0,3,9,26
hurricane-matthew_00000231,major-damage,major_damage,hurricane-matthew,wind,Full dataset\train\train\images\hurricane-matthew_00000231_pre_disaster.png,Full dataset\train\train\images\hurricane-matthew_00000231_post_disaster.png,Full dataset\train\train\labels\hurricane-matthew_00000231_pre_disaster.json,Full dataset\train\train\labels\hurricane-matthew_00000231_post_disaster.json,31,0,8,6,17
santa-rosa-wildfire_00000129,destroyed,destroyed,santa-rosa-wildfire,fire,Full dataset\train\train\images\santa-rosa-wildfire_00000129_pre_disaster.png,Full dataset\train\train\images\santa-rosa-wildfire_00000129_post_disaster.png,Full dataset\train\train\labels\santa-rosa-wildfire_00000129_pre_disaster.json,Full dataset\train\train\labels\santa-rosa-wildfire_00000129_post_disaster.json,111,9,1,0,101
socal-fire_00001402,no-damage,no_damage,socal-fire,fire,Full dataset\train\train\images\socal-fire_00001402_pre_disaster.png,Full dataset\train\train\images\socal-fire_00001402_post_disaster.png,Full dataset\train\train\labels\socal-fire_00001402_pre_disaster.json,Full dataset\train\train\labels\socal-fire_00001402_post_disaster.json,0,0,0,0,0
hurricane-florence_00000478,no-damage,no_damage,hurricane-florence,flooding,Full dataset\train\train\images\hurricane-florence_00000478_pre_disaster.png,Full dataset\train\train\images\hurricane-florence_00000478_post_disaster.png,Full dataset\train\train\labels\hurricane-florence_00000478_pre_disaster.json,Full dataset\train\train\labels\hurricane-florence_00000478_post_disaster.json,31,29,0,2,0
hurricane-florence_00000085,no-damage,no_damage,hurricane-florence,flooding,Full dataset\train\train\images\hurricane-florence_00000085_pre_disaster.png,Full dataset\train\train\images\hurricane-florence_00000085_post_disaster.png,Full dataset\train\train\labels\hurricane-florence_00000085_pre_disaster.json,Full dataset\train\train\labels\hurricane-florence_00000085_post_disaster.json,26,26,0,0,0
hurricane-michael_00000066,minor-damage,minor_damage,hurricane-michael,wind,Full dataset\train\train\images\hurricane-michael_00000066_pre_disaster.png,Full dataset\train\train\images\hurricane-michael_00000066_post_disaster.png,Full dataset\train\train\labels\hurricane-michael_00000066_pre_disaster.json,Full dataset\train\train\labels\hurricane-michael_00000066_post_disaster.json,7,4,1,0,2
hurricane-harvey_00000354,major-damage,major_damage,hurricane-harvey,flooding,Full dataset\train\train\images\hurricane-harvey_00000354_pre_disaster.png,Full dataset\train\train\images\hurricane-harvey_00000354_post_disaster.png,Full dataset\train\train\labels\hurricane-harvey_00000354_pre_disaster.json,Full dataset\train\train\labels\hurricane-harvey_00000354_post_disaster.json,26,0,0,26,0
hurricane-harvey_00000471,major-damage,major_damage,hurricane-harvey,flooding,Full dataset\train\train\images\hurricane-harvey_00000471_pre_disaster.png,Full dataset\train\train\images\hurricane-harvey_00000471_post_disaster.png,Full dataset\train\train\labels\hurricane-harvey_00000471_pre_disaster.json,Full dataset\train\train\labels\hurricane-harvey_00000471_post_disaster.json,94,0,7,87,0
santa-rosa-wildfire_00000229,destroyed,destroyed,santa-rosa-wildfire,fire,Full dataset\train\train\images\santa-rosa-wildfire_00000229_pre_disaster.png,Full dataset\train\train\images\santa-rosa-wildfire_00000229_post_disaster.png,Full dataset\train\train\labels\santa-rosa-wildfire_00000229_pre_disaster.json,Full dataset\train\train\labels\santa-rosa-wildfire_00000229_post_disaster.json,14,0,0,0,14
santa-rosa-wildfire_00000287,minor-damage,minor_damage,santa-rosa-wildfire,fire,Full dataset\train\train\images\santa-rosa-wildfire_00000287_pre_disaster.png,Full dataset\train\train\images\santa-rosa-wildfire_00000287_post_disaster.png,Full dataset\train\train\labels\santa-rosa-wildfire_00000287_pre_disaster.json,Full dataset\train\train\labels\santa-rosa-wildfire_00000287_post_disaster.json,17,12,0,0,5
socal-fire_00001245,minor-damage,minor_damage,socal-fire,fire,Full dataset\train\train\images\socal-fire_00001245_pre_disaster.png,Full dataset\train\train\images\socal-fire_00001245_post_disaster.png,Full dataset\train\train\labels\socal-fire_00001245_pre_disaster.json,Full dataset\train\train\labels\socal-fire_00001245_post_disaster.json,53,30,0,0,23
hurricane-michael_00000228,no-damage,no_damage,hurricane-michael,wind,Full dataset\train\train\images\hurricane-michael_00000228_pre_disaster.png,Full dataset\train\train\images\hurricane-michael_00000228_post_disaster.png,Full dataset\train\train\labels\hurricane-michael_00000228_pre_disaster.json,Full dataset\train\train\labels\hurricane-michael_00000228_post_disaster.json,36,19,17,0,0
socal-fire_00000928,no-damage,no_damage,socal-fire,fire,Full dataset\train\train\images\socal-fire_00000928_pre_disaster.png,Full dataset\train\train\images\socal-fire_00000928_post_disaster.png,Full dataset\train\train\labels\socal-fire_00000928_pre_disaster.json,Full dataset\train\train\labels\socal-fire_00000928_post_disaster.json,22,22,0,0,0
socal-fire_00001123,no-damage,no_damage,socal-fire,fire,Full dataset\train\train\images\socal-fire_00001123_pre_disaster.png,Full dataset\train\train\images\socal-fire_00001123_post_disaster.png,Full dataset\train\train\labels\socal-fire_00001123_pre_disaster.json,Full dataset\train\train\labels\socal-fire_00001123_post_disaster.json,0,0,0,0,0
midwest-flooding_00000018,no-damage,no_damage,midwest-flooding,flooding,Full dataset\train\train\images\midwest-flooding_00000018_pre_disaster.png,Full dataset\train\train\images\midwest-flooding_00000018_post_disaster.png,Full dataset\train\train\labels\midwest-flooding_00000018_pre_disaster.json,Full dataset\train\train\labels\midwest-flooding_00000018_post_disaster.json,170,166,4,0,0
hurricane-matthew_00000065,minor-damage,minor_damage,hurricane-matthew,wind,Full dataset\train\train\images\hurricane-matthew_00000065_pre_disaster.png,Full dataset\train\train\images\hurricane-matthew_00000065_post_disaster.png,Full dataset\train\train\labels\hurricane-matthew_00000065_pre_disaster.json,Full dataset\train\train\labels\hurricane-matthew_00000065_post_disaster.json,148,0,103,36,9
santa-rosa-wildfire_00000073,destroyed,destroyed,santa-rosa-wildfire,fire,Full dataset\train\train\images\santa-rosa-wildfire_00000073_pre_disaster.png,Full dataset\train\train\images\santa-rosa-wildfire_00000073_post_disaster.png,Full dataset\train\train\labels\santa-rosa-wildfire_00000073_pre_disaster.json,Full dataset\train\train\labels\santa-rosa-wildfire_00000073_post_disaster.json,33,3,0,0,30
santa-rosa-wildfire_00000093,minor-damage,minor_damage,santa-rosa-wildfire,fire,Full dataset\train\train\images\santa-rosa-wildfire_00000093_pre_disaster.png,Full dataset\train\train\images\santa-rosa-wildfire_00000093_post_disaster.png,Full dataset\train\train\labels\santa-rosa-wildfire_00000093_pre_disaster.json,Full dataset\train\train\labels\santa-rosa-wildfire_00000093_post_disaster.json,33,21,0,3,9
socal-fire_00000341,destroyed,destroyed,socal-fire,fire,Full dataset\train\train\images\socal-fire_00000341_pre_disaster.png,Full dataset\train\train\images\socal-fire_00000341_post_disaster.png,Full dataset\train\train\labels\socal-fire_00000341_pre_disaster.json,Full dataset\train\train\labels\socal-fire_00000341_post_disaster.json,10,1,0,0,9
hurricane-florence_00000335,no-damage,no_damage,hurricane-florence,flooding,Full dataset\train\train\images\hurricane-florence_00000335_pre_disaster.png,Full dataset\train\train\images\hurricane-florence_00000335_post_disaster.png,Full dataset\train\train\labels\hurricane-florence_00000335_pre_disaster.json,Full dataset\train\train\labels\hurricane-florence_00000335_post_disaster.json,58,58,0,0,0
hurricane-michael_00000441,no-damage,no_damage,hurricane-michael,wind,Full dataset\train\train\images\hurricane-michael_00000441_pre_disaster.png,Full dataset\train\train\images\hurricane-michael_00000441_post_disaster.png,Full dataset\train\train\labels\hurricane-michael_00000441_pre_disaster.json,Full dataset\train\train\labels\hurricane-michael_00000441_post_disaster.json,82,62,15,4,1
santa-rosa-wildfire_00000346,destroyed,destroyed,santa-rosa-wildfire,fire,Full dataset\train\train\images\santa-rosa-wildfire_00000346_pre_disaster.png,Full dataset\train\train\images\santa-rosa-wildfire_00000346_post_disaster.png,Full dataset\train\train\labels\santa-rosa-wildfire_00000346_pre_disaster.json,Full dataset\train\train\labels\santa-rosa-wildfire_00000346_post_disaster.json,11,0,0,0,11
socal-fire_00001285,minor-damage,minor_damage,socal-fire,fire,Full dataset\train\train\images\socal-fire_00001285_pre_disaster.png,Full dataset\train\train\images\socal-fire_00001285_post_disaster.png,Full dataset\train\train\labels\socal-fire_00001285_pre_disaster.json,Full dataset\train\train\labels\socal-fire_00001285_post_disaster.json,43,35,0,0,8
midwest-flooding_00000150,minor-damage,minor_damage,midwest-flooding,flooding,Full dataset\train\train\images\midwest-flooding_00000150_pre_disaster.png,Full dataset\train\train\images\midwest-flooding_00000150_post_disaster.png,Full dataset\train\train\labels\midwest-flooding_00000150_pre_disaster.json,Full dataset\train\train\labels\midwest-flooding_00000150_post_disaster.json,2,0,2,0,0
hurricane-harvey_00000142,major-damage,major_damage,hurricane-harvey,flooding,Full dataset\train\train\images\hurricane-harvey_00000142_pre_disaster.png,Full dataset\train\train\images\hurricane-harvey_00000142_post_disaster.png,Full dataset\train\train\labels\hurricane-harvey_00000142_pre_disaster.json,Full dataset\train\train\labels\hurricane-harvey_00000142_post_disaster.json,244,0,18,226,0
hurricane-harvey_00000299,major-damage,major_damage,hurricane-harvey,flooding,Full dataset\train\train\images\hurricane-harvey_00000299_pre_disaster.png,Full dataset\train\train\images\hurricane-harvey_00000299_post_disaster.png,Full dataset\train\train\labels\hurricane-harvey_00000299_pre_disaster.json,Full dataset\train\train\labels\hurricane-harvey_00000299_post_disaster.json,1,0,0,1,0
hurricane-harvey_00000141,major-damage,major_damage,hurricane-harvey,flooding,Full dataset\train\train\images\hurricane-harvey_00000141_pre_disaster.png,Full dataset\train\train\images\hurricane-harvey_00000141_post_disaster.png,Full dataset\train\train\labels\hurricane-harvey_00000141_pre_disaster.json,Full dataset\train\train\labels\hurricane-harvey_00000141_post_disaster.json,12,0,0,11,1
hurricane-florence_00000183,major-damage,major_damage,hurricane-florence,flooding,Full dataset\train\train\images\hurricane-florence_00000183_pre_disaster.png,Full dataset\train\train\images\hurricane-florence_00000183_post_disaster.png,Full dataset\train\train\labels\hurricane-florence_00000183_pre_disaster.json,Full dataset\train\train\labels\hurricane-florence_00000183_post_disaster.json,8,0,0,8,0
midwest-flooding_00000186,no-damage,no_damage,midwest-flooding,flooding,Full dataset\train\train\images\midwest-flooding_00000186_pre_disaster.png,Full dataset\train\train\images\midwest-flooding_00000186_post_disaster.png,Full dataset\train\train\labels\midwest-flooding_00000186_pre_disaster.json,Full dataset\train\train\labels\midwest-flooding_00000186_post_disaster.json,0,0,0,0,0
hurricane-matthew_00000312,destroyed,destroyed,hurricane-matthew,wind,Full dataset\train\train\images\hurricane-matthew_00000312_pre_disaster.png,Full dataset\train\train\images\hurricane-matthew_00000312_post_disaster.png,Full dataset\train\train\labels\hurricane-matthew_00000312_pre_disaster.json,Full dataset\train\train\labels\hurricane-matthew_00000312_post_disaster.json,11,1,0,0,10
hurricane-matthew_00000392,destroyed,destroyed,hurricane-matthew,wind,Full dataset\train\train\images\hurricane-matthew_00000392_pre_disaster.png,Full dataset\train\train\images\hurricane-matthew_00000392_post_disaster.png,Full dataset\train\train\labels\hurricane-matthew_00000392_pre_disaster.json,Full dataset\train\train\labels\hurricane-matthew_00000392_post_disaster.json,49,0,1,6,42
hurricane-matthew_00000364,no-damage,no_damage,hurricane-matthew,wind,Full dataset\train\train\images\hurricane-matthew_00000364_pre_disaster.png,Full dataset\train\train\images\hurricane-matthew_00000364_post_disaster.png,Full dataset\train\train\labels\hurricane-matthew_00000364_pre_disaster.json,Full dataset\train\train\labels\hurricane-matthew_00000364_post_disaster.json,32,23,6,3,0
hurricane-harvey_00000335,minor-damage,minor_damage,hurricane-harvey,flooding,Full dataset\train\train\images\hurricane-harvey_00000335_pre_disaster.png,Full dataset\train\train\images\hurricane-harvey_00000335_post_disaster.png,Full dataset\train\train\labels\hurricane-harvey_00000335_pre_disaster.json,Full dataset\train\train\labels\hurricane-harvey_00000335_post_disaster.json,8,0,6,2,0
socal-fire_00001237,destroyed,destroyed,socal-fire,fire,Full dataset\train\train\images\socal-fire_00001237_pre_disaster.png,Full dataset\train\train\images\socal-fire_00001237_post_disaster.png,Full dataset\train\train\labels\socal-fire_00001237_pre_disaster.json,Full dataset\train\train\labels\socal-fire_00001237_post_disaster.json,1,0,0,0,1
hurricane-harvey_00000472,major-damage,major_damage,hurricane-harvey,flooding,Full dataset\train\train\images\hurricane-harvey_00000472_pre_disaster.png,Full dataset\train\train\images\hurricane-harvey_00000472_post_disaster.png,Full dataset\train\train\labels\hurricane-harvey_00000472_pre_disaster.json,Full dataset\train\train\labels\hurricane-harvey_00000472_post_disaster.json,108,0,0,90,18
hurricane-florence_00000030,no-damage,no_damage,hurricane-florence,flooding,Full dataset\train\train\images\hurricane-florence_00000030_pre_disaster.png,Full dataset\train\train\images\hurricane-florence_00000030_post_disaster.png,Full dataset\train\train\labels\hurricane-florence_00000030_pre_disaster.json,Full dataset\train\train\labels\hurricane-florence_00000030_post_disaster.json,7,7,0,0,0
santa-rosa-wildfire_00000030,destroyed,destroyed,santa-rosa-wildfire,fire,Full dataset\train\train\images\santa-rosa-wildfire_00000030_pre_disaster.png,Full dataset\train\train\images\santa-rosa-wildfire_00000030_post_disaster.png,Full dataset\train\train\labels\santa-rosa-wildfire_00000030_pre_disaster.json,Full dataset\train\train\labels\santa-rosa-wildfire_00000030_post_disaster.json,32,0,1,0,31
hurricane-harvey_00000147,major-damage,major_damage,hurricane-harvey,flooding,Full dataset\train\train\images\hurricane-harvey_00000147_pre_disaster.png,Full dataset\train\train\images\hurricane-harvey_00000147_post_disaster.png,Full dataset\train\train\labels\hurricane-harvey_00000147_pre_disaster.json,Full dataset\train\train\labels\hurricane-harvey_00000147_post_disaster.json,109,9,30,70,0
mexico-earthquake_00000041,no-damage,no_damage,mexico-earthquake,earthquake,Full dataset\train\train\images\mexico-earthquake_00000041_pre_disaster.png,Full dataset\train\train\images\mexico-earthquake_00000041_post_disaster.png,Full dataset\train\train\labels\mexico-earthquake_00000041_pre_disaster.json,Full dataset\train\train\labels\mexico-earthquake_00000041_post_disaster.json,142,142,0,0,0
hurricane-michael_00000174,minor-damage,minor_damage,hurricane-michael,wind,Full dataset\train\train\images\hurricane-michael_00000174_pre_disaster.png,Full dataset\train\train\images\hurricane-michael_00000174_post_disaster.png,Full dataset\train\train\labels\hurricane-michael_00000174_pre_disaster.json,Full dataset\train\train\labels\hurricane-michael_00000174_post_disaster.json,16,10,3,3,0
palu-tsunami_00000164,minor-damage,minor_damage,palu-tsunami,tsunami,Full dataset\train\train\images\palu-tsunami_00000164_pre_disaster.png,Full dataset\train\train\images\palu-tsunami_00000164_post_disaster.png,Full dataset\train\train\labels\palu-tsunami_00000164_pre_disaster.json,Full dataset\train\train\labels\palu-tsunami_00000164_post_disaster.json,301,220,0,52,29
hurricane-harvey_00000291,destroyed,destroyed,hurricane-harvey,flooding,Full dataset\train\train\images\hurricane-harvey_00000291_pre_disaster.png,Full dataset\train\train\images\hurricane-harvey_00000291_post_disaster.png,Full dataset\train\train\labels\hurricane-harvey_00000291_pre_disaster.json,Full dataset\train\train\labels\hurricane-harvey_00000291_post_disaster.json,5,0,0,0,5
hurricane-michael_00000046,minor-damage,minor_damage,hurricane-michael,wind,Full dataset\train\train\images\hurricane-michael_00000046_pre_disaster.png,Full dataset\train\train\images\hurricane-michael_00000046_post_disaster.png,Full dataset\train\train\labels\hurricane-michael_00000046_pre_disaster.json,Full dataset\train\train\labels\hurricane-michael_00000046_post_disaster.json,64,28,35,1,0
socal-fire_00000914,no-damage,no_damage,socal-fire,fire,Full dataset\train\train\images\socal-fire_00000914_pre_disaster.png,Full dataset\train\train\images\socal-fire_00000914_post_disaster.png,Full dataset\train\train\labels\socal-fire_00000914_pre_disaster.json,Full dataset\train\train\labels\socal-fire_00000914_post_disaster.json,70,70,0,0,0
hurricane-matthew_00000252,destroyed,destroyed,hurricane-matthew,wind,Full dataset\train\train\images\hurricane-matthew_00000252_pre_disaster.png,Full dataset\train\train\images\hurricane-matthew_00000252_post_disaster.png,Full dataset\train\train\labels\hurricane-matthew_00000252_pre_disaster.json,Full dataset\train\train\labels\hurricane-matthew_00000252_post_disaster.json,10,0,0,3,7
hurricane-harvey_00000410,minor-damage,minor_damage,hurricane-harvey,flooding,Full dataset\train\train\images\hurricane-harvey_00000410_pre_disaster.png,Full dataset\train\train\images\hurricane-harvey_00000410_post_disaster.png,Full dataset\train\train\labels\hurricane-harvey_00000410_pre_disaster.json,Full dataset\train\train\labels\hurricane-harvey_00000410_post_disaster.json,73,19,24,30,0
socal-fire_00000095,minor-damage,minor_damage,socal-fire,fire,Full dataset\train\train\images\socal-fire_00000095_pre_disaster.png,Full dataset\train\train\images\socal-fire_00000095_post_disaster.png,Full dataset\train\train\labels\socal-fire_00000095_pre_disaster.json,Full dataset\train\train\labels\socal-fire_00000095_post_disaster.json,1,0,1,0,0
hurricane-harvey_00000392,major-damage,major_damage,hurricane-harvey,flooding,Full dataset\train\train\images\hurricane-harvey_00000392_pre_disaster.png,Full dataset\train\train\images\hurricane-harvey_00000392_post_disaster.png,Full dataset\train\train\labels\hurricane-harvey_00000392_pre_disaster.json,Full dataset\train\train\labels\hurricane-harvey_00000392_post_disaster.json,92,0,0,91,1
midwest-flooding_00000178,no-damage,no_damage,midwest-flooding,flooding,Full dataset\train\train\images\midwest-flooding_00000178_pre_disaster.png,Full dataset\train\train\images\midwest-flooding_00000178_post_disaster.png,Full dataset\train\train\labels\midwest-flooding_00000178_pre_disaster.json,Full dataset\train\train\labels\midwest-flooding_00000178_post_disaster.json,5,5,0,0,0
hurricane-florence_00000526,minor-damage,minor_damage,hurricane-florence,flooding,Full dataset\train\train\images\hurricane-florence_00000526_pre_disaster.png,Full dataset\train\train\images\hurricane-florence_00000526_post_disaster.png,Full dataset\train\train\labels\hurricane-florence_00000526_pre_disaster.json,Full dataset\train\train\labels\hurricane-florence_00000526_post_disaster.json,1,0,1,0,0
socal-fire_00000114,destroyed,destroyed,socal-fire,fire,Full dataset\train\train\images\socal-fire_00000114_pre_disaster.png,Full dataset\train\train\images\socal-fire_00000114_post_disaster.png,Full dataset\train\train\labels\socal-fire_00000114_pre_disaster.json,Full dataset\train\train\labels\socal-fire_00000114_post_disaster.json,47,4,2,0,41
hurricane-harvey_00000329,major-damage,major_damage,hurricane-harvey,flooding,Full dataset\train\train\images\hurricane-harvey_00000329_pre_disaster.png,Full dataset\train\train\images\hurricane-harvey_00000329_post_disaster.png,Full dataset\train\train\labels\hurricane-harvey_00000329_pre_disaster.json,Full dataset\train\train\labels\hurricane-harvey_00000329_post_disaster.json,15,0,0,15,0
socal-fire_00001344,major-damage,major_damage,socal-fire,fire,Full dataset\train\train\images\socal-fire_00001344_pre_disaster.png,Full dataset\train\train\images\socal-fire_00001344_post_disaster.png,Full dataset\train\train\labels\socal-fire_00001344_pre_disaster.json,Full dataset\train\train\labels\socal-fire_00001344_post_disaster.json,12,4,1,0,7
palu-tsunami_00000110,destroyed,destroyed,palu-tsunami,tsunami,Full dataset\train\train\images\palu-tsunami_00000110_pre_disaster.png,Full dataset\train\train\images\palu-tsunami_00000110_post_disaster.png,Full dataset\train\train\labels\palu-tsunami_00000110_pre_disaster.json,Full dataset\train\train\labels\palu-tsunami_00000110_post_disaster.json,102,9,0,0,93
hurricane-michael_00000224,minor-damage,minor_damage,hurricane-michael,wind,Full dataset\train\train\images\hurricane-michael_00000224_pre_disaster.png,Full dataset\train\train\images\hurricane-michael_00000224_post_disaster.png,Full dataset\train\train\labels\hurricane-michael_00000224_pre_disaster.json,Full dataset\train\train\labels\hurricane-michael_00000224_post_disaster.json,32,17,6,6,3
hurricane-michael_00000137,no-damage,no_damage,hurricane-michael,wind,Full dataset\train\train\images\hurricane-michael_00000137_pre_disaster.png,Full dataset\train\train\images\hurricane-michael_00000137_post_disaster.png,Full dataset\train\train\labels\hurricane-michael_00000137_pre_disaster.json,Full dataset\train\train\labels\hurricane-michael_00000137_post_disaster.json,69,45,16,8,0
midwest-flooding_00000156,no-damage,no_damage,midwest-flooding,flooding,Full dataset\train\train\images\midwest-flooding_00000156_pre_disaster.png,Full dataset\train\train\images\midwest-flooding_00000156_post_disaster.png,Full dataset\train\train\labels\midwest-flooding_00000156_pre_disaster.json,Full dataset\train\train\labels\midwest-flooding_00000156_post_disaster.json,0,0,0,0,0
midwest-flooding_00000368,minor-damage,minor_damage,midwest-flooding,flooding,Full dataset\train\train\images\midwest-flooding_00000368_pre_disaster.png,Full dataset\train\train\images\midwest-flooding_00000368_post_disaster.png,Full dataset\train\train\labels\midwest-flooding_00000368_pre_disaster.json,Full dataset\train\train\labels\midwest-flooding_00000368_post_disaster.json,21,15,1,5,0
hurricane-harvey_00000493,destroyed,destroyed,hurricane-harvey,flooding,Full dataset\train\train\images\hurricane-harvey_00000493_pre_disaster.png,Full dataset\train\train\images\hurricane-harvey_00000493_post_disaster.png,Full dataset\train\train\labels\hurricane-harvey_00000493_pre_disaster.json,Full dataset\train\train\labels\hurricane-harvey_00000493_post_disaster.json,36,0,0,7,29
mexico-earthquake_00000158,no-damage,no_damage,mexico-earthquake,earthquake,Full dataset\train\train\images\mexico-earthquake_00000158_pre_disaster.png,Full dataset\train\train\images\mexico-earthquake_00000158_post_disaster.png,Full dataset\train\train\labels\mexico-earthquake_00000158_pre_disaster.json,Full dataset\train\train\labels\mexico-earthquake_00000158_post_disaster.json,317,317,0,0,0
hurricane-florence_00000319,minor-damage,minor_damage,hurricane-florence,flooding,Full dataset\train\train\images\hurricane-florence_00000319_pre_disaster.png,Full dataset\train\train\images\hurricane-florence_00000319_post_disaster.png,Full dataset\train\train\labels\hurricane-florence_00000319_pre_disaster.json,Full dataset\train\train\labels\hurricane-florence_00000319_post_disaster.json,3,0,2,1,0
santa-rosa-wildfire_00000067,major-damage,major_damage,santa-rosa-wildfire,fire,Full dataset\train\train\images\santa-rosa-wildfire_00000067_pre_disaster.png,Full dataset\train\train\images\santa-rosa-wildfire_00000067_post_disaster.png,Full dataset\train\train\labels\santa-rosa-wildfire_00000067_pre_disaster.json,Full dataset\train\train\labels\santa-rosa-wildfire_00000067_post_disaster.json,9,4,0,0,5
palu-tsunami_00000103,destroyed,destroyed,palu-tsunami,tsunami,Full dataset\train\train\images\palu-tsunami_00000103_pre_disaster.png,Full dataset\train\train\images\palu-tsunami_00000103_post_disaster.png,Full dataset\train\train\labels\palu-tsunami_00000103_pre_disaster.json,Full dataset\train\train\labels\palu-tsunami_00000103_post_disaster.json,3,0,0,1,2
socal-fire_00000154,destroyed,destroyed,socal-fire,fire,Full dataset\train\train\images\socal-fire_00000154_pre_disaster.png,Full dataset\train\train\images\socal-fire_00000154_post_disaster.png,Full dataset\train\train\labels\socal-fire_00000154_pre_disaster.json,Full dataset\train\train\labels\socal-fire_00000154_post_disaster.json,1,0,0,0,1
hurricane-michael_00000472,minor-damage,minor_damage,hurricane-michael,wind,Full dataset\train\train\images\hurricane-michael_00000472_pre_disaster.png,Full dataset\train\train\images\hurricane-michael_00000472_post_disaster.png,Full dataset\train\train\labels\hurricane-michael_00000472_pre_disaster.json,Full dataset\train\train\labels\hurricane-michael_00000472_post_disaster.json,19,9,7,2,1
santa-rosa-wildfire_00000044,destroyed,destroyed,santa-rosa-wildfire,fire,Full dataset\train\train\images\santa-rosa-wildfire_00000044_pre_disaster.png,Full dataset\train\train\images\santa-rosa-wildfire_00000044_post_disaster.png,Full dataset\train\train\labels\santa-rosa-wildfire_00000044_pre_disaster.json,Full dataset\train\train\labels\santa-rosa-wildfire_00000044_post_disaster.json,80,3,0,0,77
hurricane-florence_00000382,major-damage,major_damage,hurricane-florence,flooding,Full dataset\train\train\images\hurricane-florence_00000382_pre_disaster.png,Full dataset\train\train\images\hurricane-florence_00000382_post_disaster.png,Full dataset\train\train\labels\hurricane-florence_00000382_pre_disaster.json,Full dataset\train\train\labels\hurricane-florence_00000382_post_disaster.json,19,0,0,19,0
hurricane-florence_00000496,major-damage,major_damage,hurricane-florence,flooding,Full dataset\train\train\images\hurricane-florence_00000496_pre_disaster.png,Full dataset\train\train\images\hurricane-florence_00000496_post_disaster.png,Full dataset\train\train\labels\hurricane-florence_00000496_pre_disaster.json,Full dataset\train\train\labels\hurricane-florence_00000496_post_disaster.json,1,0,0,1,0
socal-fire_00000715,minor-damage,minor_damage,socal-fire,fire,Full dataset\train\train\images\socal-fire_00000715_pre_disaster.png,Full dataset\train\train\images\socal-fire_00000715_post_disaster.png,Full dataset\train\train\labels\socal-fire_00000715_pre_disaster.json,Full dataset\train\train\labels\socal-fire_00000715_post_disaster.json,7,5,0,0,2
santa-rosa-wildfire_00000174,major-damage,major_damage,santa-rosa-wildfire,fire,Full dataset\train\train\images\santa-rosa-wildfire_00000174_pre_disaster.png,Full dataset\train\train\images\santa-rosa-wildfire_00000174_post_disaster.png,Full dataset\train\train\labels\santa-rosa-wildfire_00000174_pre_disaster.json,Full dataset\train\train\labels\santa-rosa-wildfire_00000174_post_disaster.json,9,1,1,0,7
socal-fire_00000666,destroyed,destroyed,socal-fire,fire,Full dataset\train\train\images\socal-fire_00000666_pre_disaster.png,Full dataset\train\train\images\socal-fire_00000666_post_disaster.png,Full dataset\train\train\labels\socal-fire_00000666_pre_disaster.json,Full dataset\train\train\labels\socal-fire_00000666_post_disaster.json,2,0,0,0,2
hurricane-harvey_00000126,major-damage,major_damage,hurricane-harvey,flooding,Full dataset\train\train\images\hurricane-harvey_00000126_pre_disaster.png,Full dataset\train\train\images\hurricane-harvey_00000126_post_disaster.png,Full dataset\train\train\labels\hurricane-harvey_00000126_pre_disaster.json,Full dataset\train\train\labels\hurricane-harvey_00000126_post_disaster.json,14,0,0,11,3
socal-fire_00000787,no-damage,no_damage,socal-fire,fire,Full dataset\train\train\images\socal-fire_00000787_pre_disaster.png,Full dataset\train\train\images\socal-fire_00000787_post_disaster.png,Full dataset\train\train\labels\socal-fire_00000787_pre_disaster.json,Full dataset\train\train\labels\socal-fire_00000787_post_disaster.json,0,0,0,0,0
socal-fire_00000308,minor-damage,minor_damage,socal-fire,fire,Full dataset\train\train\images\socal-fire_00000308_pre_disaster.png,Full dataset\train\train\images\socal-fire_00000308_post_disaster.png,Full dataset\train\train\labels\socal-fire_00000308_pre_disaster.json,Full dataset\train\train\labels\socal-fire_00000308_post_disaster.json,57,46,0,1,10
socal-fire_00000402,no-damage,no_damage,socal-fire,fire,Full dataset\train\train\images\socal-fire_00000402_pre_disaster.png,Full dataset\train\train\images\socal-fire_00000402_post_disaster.png,Full dataset\train\train\labels\socal-fire_00000402_pre_disaster.json,Full dataset\train\train\labels\socal-fire_00000402_post_disaster.json,6,5,1,0,0
hurricane-michael_00000034,minor-damage,minor_damage,hurricane-michael,wind,Full dataset\train\train\images\hurricane-michael_00000034_pre_disaster.png,Full dataset\train\train\images\hurricane-michael_00000034_post_disaster.png,Full dataset\train\train\labels\hurricane-michael_00000034_pre_disaster.json,Full dataset\train\train\labels\hurricane-michael_00000034_post_disaster.json,35,12,18,4,1
hurricane-matthew_00000332,destroyed,destroyed,hurricane-matthew,wind,Full dataset\train\train\images\hurricane-matthew_00000332_pre_disaster.png,Full dataset\train\train\images\hurricane-matthew_00000332_post_disaster.png,Full dataset\train\train\labels\hurricane-matthew_00000332_pre_disaster.json,Full dataset\train\train\labels\hurricane-matthew_00000332_post_disaster.json,4,0,1,0,3
santa-rosa-wildfire_00000233,destroyed,destroyed,santa-rosa-wildfire,fire,Full dataset\train\train\images\santa-rosa-wildfire_00000233_pre_disaster.png,Full dataset\train\train\images\santa-rosa-wildfire_00000233_post_disaster.png,Full dataset\train\train\labels\santa-rosa-wildfire_00000233_pre_disaster.json,Full dataset\train\train\labels\santa-rosa-wildfire_00000233_post_disaster.json,6,1,0,0,5
hurricane-harvey_00000053,no-damage,no_damage,hurricane-harvey,flooding,Full dataset\train\train\images\hurricane-harvey_00000053_pre_disaster.png,Full dataset\train\train\images\hurricane-harvey_00000053_post_disaster.png,Full dataset\train\train\labels\hurricane-harvey_00000053_pre_disaster.json,Full dataset\train\train\labels\hurricane-harvey_00000053_post_disaster.json,0,0,0,0,0
santa-rosa-wildfire_00000026,destroyed,destroyed,santa-rosa-wildfire,fire,Full dataset\train\train\images\santa-rosa-wildfire_00000026_pre_disaster.png,Full dataset\train\train\images\santa-rosa-wildfire_00000026_post_disaster.png,Full dataset\train\train\labels\santa-rosa-wildfire_00000026_pre_disaster.json,Full dataset\train\train\labels\santa-rosa-wildfire_00000026_post_disaster.json,10,1,0,0,9
hurricane-harvey_00000239,minor-damage,minor_damage,hurricane-harvey,flooding,Full dataset\train\train\images\hurricane-harvey_00000239_pre_disaster.png,Full dataset\train\train\images\hurricane-harvey_00000239_post_disaster.png,Full dataset\train\train\labels\hurricane-harvey_00000239_pre_disaster.json,Full dataset\train\train\labels\hurricane-harvey_00000239_post_disaster.json,24,4,12,8,0
hurricane-harvey_00000070,destroyed,destroyed,hurricane-harvey,flooding,Full dataset\train\train\images\hurricane-harvey_00000070_pre_disaster.png,Full dataset\train\train\images\hurricane-harvey_00000070_post_disaster.png,Full dataset\train\train\labels\hurricane-harvey_00000070_pre_disaster.json,Full dataset\train\train\labels\hurricane-harvey_00000070_post_disaster.json,1,0,0,0,1
socal-fire_00001398,no-damage,no_damage,socal-fire,fire,Full dataset\train\train\images\socal-fire_00001398_pre_disaster.png,Full dataset\train\train\images\socal-fire_00001398_post_disaster.png,Full dataset\train\train\labels\socal-fire_00001398_pre_disaster.json,Full dataset\train\train\labels\socal-fire_00001398_post_disaster.json,0,0,0,0,0
hurricane-harvey_00000099,major-damage,major_damage,hurricane-harvey,flooding,Full dataset\train\train\images\hurricane-harvey_00000099_pre_disaster.png,Full dataset\train\train\images\hurricane-harvey_00000099_post_disaster.png,Full dataset\train\train\labels\hurricane-harvey_00000099_pre_disaster.json,Full dataset\train\train\labels\hurricane-harvey_00000099_post_disaster.json,202,0,0,184,18
hurricane-harvey_00000361,major-damage,major_damage,hurricane-harvey,flooding,Full dataset\train\train\images\hurricane-harvey_00000361_pre_disaster.png,Full dataset\train\train\images\hurricane-harvey_00000361_post_disaster.png,Full dataset\train\train\labels\hurricane-harvey_00000361_pre_disaster.json,Full dataset\train\train\labels\hurricane-harvey_00000361_post_disaster.json,95,0,0,88,7
socal-fire_00001270,major-damage,major_damage,socal-fire,fire,Full dataset\train\train\images\socal-fire_00001270_pre_disaster.png,Full dataset\train\train\images\socal-fire_00001270_post_disaster.png,Full dataset\train\train\labels\socal-fire_00001270_pre_disaster.json,Full dataset\train\train\labels\socal-fire_00001270_post_disaster.json,12,6,0,0,6
hurricane-matthew_00000092,minor-damage,minor_damage,hurricane-matthew,wind,Full dataset\train\train\images\hurricane-matthew_00000092_pre_disaster.png,Full dataset\train\train\images\hurricane-matthew_00000092_post_disaster.png,Full dataset\train\train\labels\hurricane-matthew_00000092_pre_disaster.json,Full dataset\train\train\labels\hurricane-matthew_00000092_post_disaster.json,466,15,451,0,0
socal-fire_00000531,destroyed,destroyed,socal-fire,fire,Full dataset\train\train\images\socal-fire_00000531_pre_disaster.png,Full dataset\train\train\images\socal-fire_00000531_post_disaster.png,Full dataset\train\train\labels\socal-fire_00000531_pre_disaster.json,Full dataset\train\train\labels\socal-fire_00000531_post_disaster.json,15,0,1,0,14
hurricane-matthew_00000212,destroyed,destroyed,hurricane-matthew,wind,Full dataset\train\train\images\hurricane-matthew_00000212_pre_disaster.png,Full dataset\train\train\images\hurricane-matthew_00000212_post_disaster.png,Full dataset\train\train\labels\hurricane-matthew_00000212_pre_disaster.json,Full dataset\train\train\labels\hurricane-matthew_00000212_post_disaster.json,27,0,4,3,20
santa-rosa-wildfire_00000059,no-damage,no_damage,santa-rosa-wildfire,fire,Full dataset\train\train\images\santa-rosa-wildfire_00000059_pre_disaster.png,Full dataset\train\train\images\santa-rosa-wildfire_00000059_post_disaster.png,Full dataset\train\train\labels\santa-rosa-wildfire_00000059_pre_disaster.json,Full dataset\train\train\labels\santa-rosa-wildfire_00000059_post_disaster.json,22,22,0,0,0
hurricane-michael_00000205,minor-damage,minor_damage,hurricane-michael,wind,Full dataset\train\train\images\hurricane-michael_00000205_pre_disaster.png,Full dataset\train\train\images\hurricane-michael_00000205_post_disaster.png,Full dataset\train\train\labels\hurricane-michael_00000205_pre_disaster.json,Full dataset\train\train\labels\hurricane-michael_00000205_post_disaster.json,78,10,48,7,13
hurricane-matthew_00000268,major-damage,major_damage,hurricane-matthew,wind,Full dataset\train\train\images\hurricane-matthew_00000268_pre_disaster.png,Full dataset\train\train\images\hurricane-matthew_00000268_post_disaster.png,Full dataset\train\train\labels\hurricane-matthew_00000268_pre_disaster.json,Full dataset\train\train\labels\hurricane-matthew_00000268_post_disaster.json,7,0,5,0,2
hurricane-florence_00000163,major-damage,major_damage,hurricane-florence,flooding,Full dataset\train\train\images\hurricane-florence_00000163_pre_disaster.png,Full dataset\train\train\images\hurricane-florence_00000163_post_disaster.png,Full dataset\train\train\labels\hurricane-florence_00000163_pre_disaster.json,Full dataset\train\train\labels\hurricane-florence_00000163_post_disaster.json,1,0,0,1,0
hurricane-harvey_00000317,major-damage,major_damage,hurricane-harvey,flooding,Full dataset\train\train\images\hurricane-harvey_00000317_pre_disaster.png,Full dataset\train\train\images\hurricane-harvey_00000317_post_disaster.png,Full dataset\train\train\labels\hurricane-harvey_00000317_pre_disaster.json,Full dataset\train\train\labels\hurricane-harvey_00000317_post_disaster.json,41,0,9,32,0
hurricane-matthew_00000400,destroyed,destroyed,hurricane-matthew,wind,Full dataset\train\train\images\hurricane-matthew_00000400_pre_disaster.png,Full dataset\train\train\images\hurricane-matthew_00000400_post_disaster.png,Full dataset\train\train\labels\hurricane-matthew_00000400_pre_disaster.json,Full dataset\train\train\labels\hurricane-matthew_00000400_post_disaster.json,69,0,0,16,53
hurricane-matthew_00000279,destroyed,destroyed,hurricane-matthew,wind,Full dataset\train\train\images\hurricane-matthew_00000279_pre_disaster.png,Full dataset\train\train\images\hurricane-matthew_00000279_post_disaster.png,Full dataset\train\train\labels\hurricane-matthew_00000279_pre_disaster.json,Full dataset\train\train\labels\hurricane-matthew_00000279_post_disaster.json,25,0,5,2,18
midwest-flooding_00000236,no-damage,no_damage,midwest-flooding,flooding,Full dataset\train\train\images\midwest-flooding_00000236_pre_disaster.png,Full dataset\train\train\images\midwest-flooding_00000236_post_disaster.png,Full dataset\train\train\labels\midwest-flooding_00000236_pre_disaster.json,Full dataset\train\train\labels\midwest-flooding_00000236_post_disaster.json,12,11,1,0,0
palu-tsunami_00000148,major-damage,major_damage,palu-tsunami,tsunami,Full dataset\train\train\images\palu-tsunami_00000148_pre_disaster.png,Full dataset\train\train\images\palu-tsunami_00000148_post_disaster.png,Full dataset\train\train\labels\palu-tsunami_00000148_pre_disaster.json,Full dataset\train\train\labels\palu-tsunami_00000148_post_disaster.json,19,3,0,2,14
midwest-flooding_00000191,no-damage,no_damage,midwest-flooding,flooding,Full dataset\train\train\images\midwest-flooding_00000191_pre_disaster.png,Full dataset\train\train\images\midwest-flooding_00000191_post_disaster.png,Full dataset\train\train\labels\midwest-flooding_00000191_pre_disaster.json,Full dataset\train\train\labels\midwest-flooding_00000191_post_disaster.json,8,8,0,0,0
hurricane-harvey_00000266,major-damage,major_damage,hurricane-harvey,flooding,Full dataset\train\train\images\hurricane-harvey_00000266_pre_disaster.png,Full dataset\train\train\images\hurricane-harvey_00000266_post_disaster.png,Full dataset\train\train\labels\hurricane-harvey_00000266_pre_disaster.json,Full dataset\train\train\labels\hurricane-harvey_00000266_post_disaster.json,1,0,0,1,0
santa-rosa-wildfire_00000283,minor-damage,minor_damage,santa-rosa-wildfire,fire,Full dataset\train\train\images\santa-rosa-wildfire_00000283_pre_disaster.png,Full dataset\train\train\images\santa-rosa-wildfire_00000283_post_disaster.png,Full dataset\train\train\labels\santa-rosa-wildfire_00000283_pre_disaster.json,Full dataset\train\train\labels\santa-rosa-wildfire_00000283_post_disaster.json,5,3,1,0,1
hurricane-harvey_00000104,major-damage,major_damage,hurricane-harvey,flooding,Full dataset\train\train\images\hurricane-harvey_00000104_pre_disaster.png,Full dataset\train\train\images\hurricane-harvey_00000104_post_disaster.png,Full dataset\train\train\labels\hurricane-harvey_00000104_pre_disaster.json,Full dataset\train\train\labels\hurricane-harvey_00000104_post_disaster.json,302,0,76,226,0
hurricane-michael_00000135,minor-damage,minor_damage,hurricane-michael,wind,Full dataset\train\train\images\hurricane-michael_00000135_pre_disaster.png,Full dataset\train\train\images\hurricane-michael_00000135_post_disaster.png,Full dataset\train\train\labels\hurricane-michael_00000135_pre_disaster.json,Full dataset\train\train\labels\hurricane-michael_00000135_post_disaster.json,59,41,6,10,2
socal-fire_00000211,destroyed,destroyed,socal-fire,fire,Full dataset\train\train\images\socal-fire_00000211_pre_disaster.png,Full dataset\train\train\images\socal-fire_00000211_post_disaster.png,Full dataset\train\train\labels\socal-fire_00000211_pre_disaster.json,Full dataset\train\train\labels\socal-fire_00000211_post_disaster.json,3,0,0,0,3
socal-fire_00000910,no-damage,no_damage,socal-fire,fire,Full dataset\train\train\images\socal-fire_00000910_pre_disaster.png,Full dataset\train\train\images\socal-fire_00000910_post_disaster.png,Full dataset\train\train\labels\socal-fire_00000910_pre_disaster.json,Full dataset\train\train\labels\socal-fire_00000910_post_disaster.json,0,0,0,0,0
hurricane-michael_00000515,no-damage,no_damage,hurricane-michael,wind,Full dataset\train\train\images\hurricane-michael_00000515_pre_disaster.png,Full dataset\train\train\images\hurricane-michael_00000515_post_disaster.png,Full dataset\train\train\labels\hurricane-michael_00000515_pre_disaster.json,Full dataset\train\train\labels\hurricane-michael_00000515_post_disaster.json,162,115,29,15,3
santa-rosa-wildfire_00000369,major-damage,major_damage,santa-rosa-wildfire,fire,Full dataset\train\train\images\santa-rosa-wildfire_00000369_pre_disaster.png,Full dataset\train\train\images\santa-rosa-wildfire_00000369_post_disaster.png,Full dataset\train\train\labels\santa-rosa-wildfire_00000369_pre_disaster.json,Full dataset\train\train\labels\santa-rosa-wildfire_00000369_post_disaster.json,27,4,0,3,20
hurricane-matthew_00000363,destroyed,destroyed,hurricane-matthew,wind,Full dataset\train\train\images\hurricane-matthew_00000363_pre_disaster.png,Full dataset\train\train\images\hurricane-matthew_00000363_post_disaster.png,Full dataset\train\train\labels\hurricane-matthew_00000363_pre_disaster.json,Full dataset\train\train\labels\hurricane-matthew_00000363_post_disaster.json,5,0,0,2,3
hurricane-florence_00000445,major-damage,major_damage,hurricane-florence,flooding,Full dataset\train\train\images\hurricane-florence_00000445_pre_disaster.png,Full dataset\train\train\images\hurricane-florence_00000445_post_disaster.png,Full dataset\train\train\labels\hurricane-florence_00000445_pre_disaster.json,Full dataset\train\train\labels\hurricane-florence_00000445_post_disaster.json,8,0,0,8,0
hurricane-florence_00000244,no-damage,no_damage,hurricane-florence,flooding,Full dataset\train\train\images\hurricane-florence_00000244_pre_disaster.png,Full dataset\train\train\images\hurricane-florence_00000244_post_disaster.png,Full dataset\train\train\labels\hurricane-florence_00000244_pre_disaster.json,Full dataset\train\train\labels\hurricane-florence_00000244_post_disaster.json,8,8,0,0,0
santa-rosa-wildfire_00000015,major-damage,major_damage,santa-rosa-wildfire,fire,Full dataset\train\train\images\santa-rosa-wildfire_00000015_pre_disaster.png,Full dataset\train\train\images\santa-rosa-wildfire_00000015_post_disaster.png,Full dataset\train\train\labels\santa-rosa-wildfire_00000015_pre_disaster.json,Full dataset\train\train\labels\santa-rosa-wildfire_00000015_post_disaster.json,123,58,0,0,65
hurricane-matthew_00000180,destroyed,destroyed,hurricane-matthew,wind,Full dataset\train\train\images\hurricane-matthew_00000180_pre_disaster.png,Full dataset\train\train\images\hurricane-matthew_00000180_post_disaster.png,Full dataset\train\train\labels\hurricane-matthew_00000180_pre_disaster.json,Full dataset\train\train\labels\hurricane-matthew_00000180_post_disaster.json,11,0,0,4,7
guatemala-volcano_00000010,destroyed,destroyed,guatemala-volcano,volcano,Full dataset\train\train\images\guatemala-volcano_00000010_pre_disaster.png,Full dataset\train\train\images\guatemala-volcano_00000010_post_disaster.png,Full dataset\train\train\labels\guatemala-volcano_00000010_pre_disaster.json,Full dataset\train\train\labels\guatemala-volcano_00000010_post_disaster.json,2,0,0,0,2
socal-fire_00000657,destroyed,destroyed,socal-fire,fire,Full dataset\train\train\images\socal-fire_00000657_pre_disaster.png,Full dataset\train\train\images\socal-fire_00000657_post_disaster.png,Full dataset\train\train\labels\socal-fire_00000657_pre_disaster.json,Full dataset\train\train\labels\socal-fire_00000657_post_disaster.json,23,1,0,0,22
hurricane-matthew_00000285,destroyed,destroyed,hurricane-matthew,wind,Full dataset\train\train\images\hurricane-matthew_00000285_pre_disaster.png,Full dataset\train\train\images\hurricane-matthew_00000285_post_disaster.png,Full dataset\train\train\labels\hurricane-matthew_00000285_pre_disaster.json,Full dataset\train\train\labels\hurricane-matthew_00000285_post_disaster.json,4,0,0,2,2
socal-fire_00001198,no-damage,no_damage,socal-fire,fire,Full dataset\train\train\images\socal-fire_00001198_pre_disaster.png,Full dataset\train\train\images\socal-fire_00001198_post_disaster.png,Full dataset\train\train\labels\socal-fire_00001198_pre_disaster.json,Full dataset\train\train\labels\socal-fire_00001198_post_disaster.json,0,0,0,0,0
hurricane-florence_00000325,no-damage,no_damage,hurricane-florence,flooding,Full dataset\train\train\images\hurricane-florence_00000325_pre_disaster.png,Full dataset\train\train\images\hurricane-florence_00000325_post_disaster.png,Full dataset\train\train\labels\hurricane-florence_00000325_pre_disaster.json,Full dataset\train\train\labels\hurricane-florence_00000325_post_disaster.json,42,34,1,7,0
santa-rosa-wildfire_00000330,major-damage,major_damage,santa-rosa-wildfire,fire,Full dataset\train\train\images\santa-rosa-wildfire_00000330_pre_disaster.png,Full dataset\train\train\images\santa-rosa-wildfire_00000330_post_disaster.png,Full dataset\train\train\labels\santa-rosa-wildfire_00000330_pre_disaster.json,Full dataset\train\train\labels\santa-rosa-wildfire_00000330_post_disaster.json,14,5,0,0,9
hurricane-harvey_00000439,major-damage,major_damage,hurricane-harvey,flooding,Full dataset\train\train\images\hurricane-harvey_00000439_pre_disaster.png,Full dataset\train\train\images\hurricane-harvey_00000439_post_disaster.png,Full dataset\train\train\labels\hurricane-harvey_00000439_pre_disaster.json,Full dataset\train\train\labels\hurricane-harvey_00000439_post_disaster.json,189,4,42,143,0
midwest-flooding_00000152,no-damage,no_damage,midwest-flooding,flooding,Full dataset\train\train\images\midwest-flooding_00000152_pre_disaster.png,Full dataset\train\train\images\midwest-flooding_00000152_post_disaster.png,Full dataset\train\train\labels\midwest-flooding_00000152_pre_disaster.json,Full dataset\train\train\labels\midwest-flooding_00000152_post_disaster.json,0,0,0,0,0
palu-tsunami_00000047,major-damage,major_damage,palu-tsunami,tsunami,Full dataset\train\train\images\palu-tsunami_00000047_pre_disaster.png,Full dataset\train\train\images\palu-tsunami_00000047_post_disaster.png,Full dataset\train\train\labels\palu-tsunami_00000047_pre_disaster.json,Full dataset\train\train\labels\palu-tsunami_00000047_post_disaster.json,237,97,0,17,123
socal-fire_00000221,destroyed,destroyed,socal-fire,fire,Full dataset\train\train\images\socal-fire_00000221_pre_disaster.png,Full dataset\train\train\images\socal-fire_00000221_post_disaster.png,Full dataset\train\train\labels\socal-fire_00000221_pre_disaster.json,Full dataset\train\train\labels\socal-fire_00000221_post_disaster.json,3,0,0,0,3
mexico-earthquake_00000085,no-damage,no_damage,mexico-earthquake,earthquake,Full dataset\train\train\images\mexico-earthquake_00000085_pre_disaster.png,Full dataset\train\train\images\mexico-earthquake_00000085_post_disaster.png,Full dataset\train\train\labels\mexico-earthquake_00000085_pre_disaster.json,Full dataset\train\train\labels\mexico-earthquake_00000085_post_disaster.json,305,301,1,3,0
santa-rosa-wildfire_00000162,destroyed,destroyed,santa-rosa-wildfire,fire,Full dataset\train\train\images\santa-rosa-wildfire_00000162_pre_disaster.png,Full dataset\train\train\images\santa-rosa-wildfire_00000162_post_disaster.png,Full dataset\train\train\labels\santa-rosa-wildfire_00000162_pre_disaster.json,Full dataset\train\train\labels\santa-rosa-wildfire_00000162_post_disaster.json,58,0,0,0,58
socal-fire_00001047,minor-damage,minor_damage,socal-fire,fire,Full dataset\train\train\images\socal-fire_00001047_pre_disaster.png,Full dataset\train\train\images\socal-fire_00001047_post_disaster.png,Full dataset\train\train\labels\socal-fire_00001047_pre_disaster.json,Full dataset\train\train\labels\socal-fire_00001047_post_disaster.json,11,9,0,0,2
santa-rosa-wildfire_00000170,major-damage,major_damage,santa-rosa-wildfire,fire,Full dataset\train\train\images\santa-rosa-wildfire_00000170_pre_disaster.png,Full dataset\train\train\images\santa-rosa-wildfire_00000170_post_disaster.png,Full dataset\train\train\labels\santa-rosa-wildfire_00000170_pre_disaster.json,Full dataset\train\train\labels\santa-rosa-wildfire_00000170_post_disaster.json,28,2,8,1,17
hurricane-michael_00000387,minor-damage,minor_damage,hurricane-michael,wind,Full dataset\train\train\images\hurricane-michael_00000387_pre_disaster.png,Full dataset\train\train\images\hurricane-michael_00000387_post_disaster.png,Full dataset\train\train\labels\hurricane-michael_00000387_pre_disaster.json,Full dataset\train\train\labels\hurricane-michael_00000387_post_disaster.json,31,21,4,4,2
hurricane-florence_00000443,minor-damage,minor_damage,hurricane-florence,flooding,Full dataset\train\train\images\hurricane-florence_00000443_pre_disaster.png,Full dataset\train\train\images\hurricane-florence_00000443_post_disaster.png,Full dataset\train\train\labels\hurricane-florence_00000443_pre_disaster.json,Full dataset\train\train\labels\hurricane-florence_00000443_post_disaster.json,11,1,10,0,0
socal-fire_00000824,destroyed,destroyed,socal-fire,fire,Full dataset\train\train\images\socal-fire_00000824_pre_disaster.png,Full dataset\train\train\images\socal-fire_00000824_post_disaster.png,Full dataset\train\train\labels\socal-fire_00000824_pre_disaster.json,Full dataset\train\train\labels\socal-fire_00000824_post_disaster.json,1,0,0,0,1
santa-rosa-wildfire_00000151,destroyed,destroyed,santa-rosa-wildfire,fire,Full dataset\train\train\images\santa-rosa-wildfire_00000151_pre_disaster.png,Full dataset\train\train\images\santa-rosa-wildfire_00000151_post_disaster.png,Full dataset\train\train\labels\santa-rosa-wildfire_00000151_pre_disaster.json,Full dataset\train\train\labels\santa-rosa-wildfire_00000151_post_disaster.json,3,0,0,0,3
socal-fire_00001135,destroyed,destroyed,socal-fire,fire,Full dataset\train\train\images\socal-fire_00001135_pre_disaster.png,Full dataset\train\train\images\socal-fire_00001135_post_disaster.png,Full dataset\train\train\labels\socal-fire_00001135_pre_disaster.json,Full dataset\train\train\labels\socal-fire_00001135_post_disaster.json,16,1,0,0,15
socal-fire_00001254,minor-damage,minor_damage,socal-fire,fire,Full dataset\train\train\images\socal-fire_00001254_pre_disaster.png,Full dataset\train\train\images\socal-fire_00001254_post_disaster.png,Full dataset\train\train\labels\socal-fire_00001254_pre_disaster.json,Full dataset\train\train\labels\socal-fire_00001254_post_disaster.json,43,27,1,1,14
hurricane-matthew_00000044,minor-damage,minor_damage,hurricane-matthew,wind,Full dataset\train\train\images\hurricane-matthew_00000044_pre_disaster.png,Full dataset\train\train\images\hurricane-matthew_00000044_post_disaster.png,Full dataset\train\train\labels\hurricane-matthew_00000044_pre_disaster.json,Full dataset\train\train\labels\hurricane-matthew_00000044_post_disaster.json,267,140,99,23,5
hurricane-harvey_00000006,minor-damage,minor_damage,hurricane-harvey,flooding,Full dataset\train\train\images\hurricane-harvey_00000006_pre_disaster.png,Full dataset\train\train\images\hurricane-harvey_00000006_post_disaster.png,Full dataset\train\train\labels\hurricane-harvey_00000006_pre_disaster.json,Full dataset\train\train\labels\hurricane-harvey_00000006_post_disaster.json,44,11,33,0,0
hurricane-florence_00000195,major-damage,major_damage,hurricane-florence,flooding,Full dataset\train\train\images\hurricane-florence_00000195_pre_disaster.png,Full dataset\train\train\images\hurricane-florence_00000195_post_disaster.png,Full dataset\train\train\labels\hurricane-florence_00000195_pre_disaster.json,Full dataset\train\train\labels\hurricane-florence_00000195_post_disaster.json,8,1,0,7,0
hurricane-harvey_00000500,major-damage,major_damage,hurricane-harvey,flooding,Full dataset\train\train\images\hurricane-harvey_00000500_pre_disaster.png,Full dataset\train\train\images\hurricane-harvey_00000500_post_disaster.png,Full dataset\train\train\labels\hurricane-harvey_00000500_pre_disaster.json,Full dataset\train\train\labels\hurricane-harvey_00000500_post_disaster.json,100,0,11,88,1
socal-fire_00000996,no-damage,no_damage,socal-fire,fire,Full dataset\train\train\images\socal-fire_00000996_pre_disaster.png,Full dataset\train\train\images\socal-fire_00000996_post_disaster.png,Full dataset\train\train\labels\socal-fire_00000996_pre_disaster.json,Full dataset\train\train\labels\socal-fire_00000996_post_disaster.json,20,17,0,0,3
hurricane-matthew_00000155,destroyed,destroyed,hurricane-matthew,wind,Full dataset\train\train\images\hurricane-matthew_00000155_pre_disaster.png,Full dataset\train\train\images\hurricane-matthew_00000155_post_disaster.png,Full dataset\train\train\labels\hurricane-matthew_00000155_pre_disaster.json,Full dataset\train\train\labels\hurricane-matthew_00000155_post_disaster.json,14,1,0,0,13
hurricane-matthew_00000173,destroyed,destroyed,hurricane-matthew,wind,Full dataset\train\train\images\hurricane-matthew_00000173_pre_disaster.png,Full dataset\train\train\images\hurricane-matthew_00000173_post_disaster.png,Full dataset\train\train\labels\hurricane-matthew_00000173_pre_disaster.json,Full dataset\train\train\labels\hurricane-matthew_00000173_post_disaster.json,9,0,0,3,6
santa-rosa-wildfire_00000111,destroyed,destroyed,santa-rosa-wildfire,fire,Full dataset\train\train\images\santa-rosa-wildfire_00000111_pre_disaster.png,Full dataset\train\train\images\santa-rosa-wildfire_00000111_post_disaster.png,Full dataset\train\train\labels\santa-rosa-wildfire_00000111_pre_disaster.json,Full dataset\train\train\labels\santa-rosa-wildfire_00000111_post_disaster.json,54,6,0,0,48
hurricane-florence_00000340,no-damage,no_damage,hurricane-florence,flooding,Full dataset\train\train\images\hurricane-florence_00000340_pre_disaster.png,Full dataset\train\train\images\hurricane-florence_00000340_post_disaster.png,Full dataset\train\train\labels\hurricane-florence_00000340_pre_disaster.json,Full dataset\train\train\labels\hurricane-florence_00000340_post_disaster.json,22,22,0,0,0
santa-rosa-wildfire_00000216,no-damage,no_damage,santa-rosa-wildfire,fire,Full dataset\train\train\images\santa-rosa-wildfire_00000216_pre_disaster.png,Full dataset\train\train\images\santa-rosa-wildfire_00000216_post_disaster.png,Full dataset\train\train\labels\santa-rosa-wildfire_00000216_pre_disaster.json,Full dataset\train\train\labels\santa-rosa-wildfire_00000216_post_disaster.json,271,271,0,0,0
socal-fire_00000545,no-damage,no_damage,socal-fire,fire,Full dataset\train\train\images\socal-fire_00000545_pre_disaster.png,Full dataset\train\train\images\socal-fire_00000545_post_disaster.png,Full dataset\train\train\labels\socal-fire_00000545_pre_disaster.json,Full dataset\train\train\labels\socal-fire_00000545_post_disaster.json,0,0,0,0,0
hurricane-michael_00000210,minor-damage,minor_damage,hurricane-michael,wind,Full dataset\train\train\images\hurricane-michael_00000210_pre_disaster.png,Full dataset\train\train\images\hurricane-michael_00000210_post_disaster.png,Full dataset\train\train\labels\hurricane-michael_00000210_pre_disaster.json,Full dataset\train\train\labels\hurricane-michael_00000210_post_disaster.json,70,30,17,10,13
hurricane-harvey_00000463,major-damage,major_damage,hurricane-harvey,flooding,Full dataset\train\train\images\hurricane-harvey_00000463_pre_disaster.png,Full dataset\train\train\images\hurricane-harvey_00000463_post_disaster.png,Full dataset\train\train\labels\hurricane-harvey_00000463_pre_disaster.json,Full dataset\train\train\labels\hurricane-harvey_00000463_post_disaster.json,103,0,0,99,4
hurricane-florence_00000049,major-damage,major_damage,hurricane-florence,flooding,Full dataset\train\train\images\hurricane-florence_00000049_pre_disaster.png,Full dataset\train\train\images\hurricane-florence_00000049_post_disaster.png,Full dataset\train\train\labels\hurricane-florence_00000049_pre_disaster.json,Full dataset\train\train\labels\hurricane-florence_00000049_post_disaster.json,3,0,0,3,0
hurricane-harvey_00000337,major-damage,major_damage,hurricane-harvey,flooding,Full dataset\train\train\images\hurricane-harvey_00000337_pre_disaster.png,Full dataset\train\train\images\hurricane-harvey_00000337_post_disaster.png,Full dataset\train\train\labels\hurricane-harvey_00000337_pre_disaster.json,Full dataset\train\train\labels\hurricane-harvey_00000337_post_disaster.json,7,0,0,7,0
socal-fire_00000521,destroyed,destroyed,socal-fire,fire,Full dataset\train\train\images\socal-fire_00000521_pre_disaster.png,Full dataset\train\train\images\socal-fire_00000521_post_disaster.png,Full dataset\train\train\labels\socal-fire_00000521_pre_disaster.json,Full dataset\train\train\labels\socal-fire_00000521_post_disaster.json,9,0,2,0,7
santa-rosa-wildfire_00000370,minor-damage,minor_damage,santa-rosa-wildfire,fire,Full dataset\train\train\images\santa-rosa-wildfire_00000370_pre_disaster.png,Full dataset\train\train\images\santa-rosa-wildfire_00000370_post_disaster.png,Full dataset\train\train\labels\santa-rosa-wildfire_00000370_pre_disaster.json,Full dataset\train\train\labels\santa-rosa-wildfire_00000370_post_disaster.json,26,13,1,0,12
hurricane-matthew_00000133,destroyed,destroyed,hurricane-matthew,wind,Full dataset\train\train\images\hurricane-matthew_00000133_pre_disaster.png,Full dataset\train\train\images\hurricane-matthew_00000133_post_disaster.png,Full dataset\train\train\labels\hurricane-matthew_00000133_pre_disaster.json,Full dataset\train\train\labels\hurricane-matthew_00000133_post_disaster.json,50,0,6,12,32
midwest-flooding_00000002,minor-damage,minor_damage,midwest-flooding,flooding,Full dataset\train\train\images\midwest-flooding_00000002_pre_disaster.png,Full dataset\train\train\images\midwest-flooding_00000002_post_disaster.png,Full dataset\train\train\labels\midwest-flooding_00000002_pre_disaster.json,Full dataset\train\train\labels\midwest-flooding_00000002_post_disaster.json,11,6,0,1,4
socal-fire_00000913,destroyed,destroyed,socal-fire,fire,Full dataset\train\train\images\socal-fire_00000913_pre_disaster.png,Full dataset\train\train\images\socal-fire_00000913_post_disaster.png,Full dataset\train\train\labels\socal-fire_00000913_pre_disaster.json,Full dataset\train\train\labels\socal-fire_00000913_post_disaster.json,25,0,0,1,24
santa-rosa-wildfire_00000325,destroyed,destroyed,santa-rosa-wildfire,fire,Full dataset\train\train\images\santa-rosa-wildfire_00000325_pre_disaster.png,Full dataset\train\train\images\santa-rosa-wildfire_00000325_post_disaster.png,Full dataset\train\train\labels\santa-rosa-wildfire_00000325_pre_disaster.json,Full dataset\train\train\labels\santa-rosa-wildfire_00000325_post_disaster.json,10,0,0,0,10
socal-fire_00001225,no-damage,no_damage,socal-fire,fire,Full dataset\train\train\images\socal-fire_00001225_pre_disaster.png,Full dataset\train\train\images\socal-fire_00001225_post_disaster.png,Full dataset\train\train\labels\socal-fire_00001225_pre_disaster.json,Full dataset\train\train\labels\socal-fire_00001225_post_disaster.json,1,1,0,0,0
socal-fire_00000623,no-damage,no_damage,socal-fire,fire,Full dataset\train\train\images\socal-fire_00000623_pre_disaster.png,Full dataset\train\train\images\socal-fire_00000623_post_disaster.png,Full dataset\train\train\labels\socal-fire_00000623_pre_disaster.json,Full dataset\train\train\labels\socal-fire_00000623_post_disaster.json,91,91,0,0,0
hurricane-florence_00000361,minor-damage,minor_damage,hurricane-florence,flooding,Full dataset\train\train\images\hurricane-florence_00000361_pre_disaster.png,Full dataset\train\train\images\hurricane-florence_00000361_post_disaster.png,Full dataset\train\train\labels\hurricane-florence_00000361_pre_disaster.json,Full dataset\train\train\labels\hurricane-florence_00000361_post_disaster.json,6,1,3,1,1
socal-fire_00000592,major-damage,major_damage,socal-fire,fire,Full dataset\train\train\images\socal-fire_00000592_pre_disaster.png,Full dataset\train\train\images\socal-fire_00000592_post_disaster.png,Full dataset\train\train\labels\socal-fire_00000592_pre_disaster.json,Full dataset\train\train\labels\socal-fire_00000592_post_disaster.json,12,1,2,1,8
hurricane-harvey_00000261,major-damage,major_damage,hurricane-harvey,flooding,Full dataset\train\train\images\hurricane-harvey_00000261_pre_disaster.png,Full dataset\train\train\images\hurricane-harvey_00000261_post_disaster.png,Full dataset\train\train\labels\hurricane-harvey_00000261_pre_disaster.json,Full dataset\train\train\labels\hurricane-harvey_00000261_post_disaster.json,6,0,0,6,0
hurricane-harvey_00000221,destroyed,destroyed,hurricane-harvey,flooding,Full dataset\train\train\images\hurricane-harvey_00000221_pre_disaster.png,Full dataset\train\train\images\hurricane-harvey_00000221_post_disaster.png,Full dataset\train\train\labels\hurricane-harvey_00000221_pre_disaster.json,Full dataset\train\train\labels\hurricane-harvey_00000221_post_disaster.json,4,0,0,0,4
hurricane-matthew_00000132,destroyed,destroyed,hurricane-matthew,wind,Full dataset\train\train\images\hurricane-matthew_00000132_pre_disaster.png,Full dataset\train\train\images\hurricane-matthew_00000132_post_disaster.png,Full dataset\train\train\labels\hurricane-matthew_00000132_pre_disaster.json,Full dataset\train\train\labels\hurricane-matthew_00000132_post_disaster.json,12,0,2,0,10
hurricane-matthew_00000287,major-damage,major_damage,hurricane-matthew,wind,Full dataset\train\train\images\hurricane-matthew_00000287_pre_disaster.png,Full dataset\train\train\images\hurricane-matthew_00000287_post_disaster.png,Full dataset\train\train\labels\hurricane-matthew_00000287_pre_disaster.json,Full dataset\train\train\labels\hurricane-matthew_00000287_post_disaster.json,2,0,1,0,1
hurricane-florence_00000329,major-damage,major_damage,hurricane-florence,flooding,Full dataset\train\train\images\hurricane-florence_00000329_pre_disaster.png,Full dataset\train\train\images\hurricane-florence_00000329_post_disaster.png,Full dataset\train\train\labels\hurricane-florence_00000329_pre_disaster.json,Full dataset\train\train\labels\hurricane-florence_00000329_post_disaster.json,5,0,0,5,0
hurricane-matthew_00000168,major-damage,major_damage,hurricane-matthew,wind,Full dataset\train\train\images\hurricane-matthew_00000168_pre_disaster.png,Full dataset\train\train\images\hurricane-matthew_00000168_post_disaster.png,Full dataset\train\train\labels\hurricane-matthew_00000168_pre_disaster.json,Full dataset\train\train\labels\hurricane-matthew_00000168_post_disaster.json,9,0,3,1,5
hurricane-harvey_00000501,major-damage,major_damage,hurricane-harvey,flooding,Full dataset\train\train\images\hurricane-harvey_00000501_pre_disaster.png,Full dataset\train\train\images\hurricane-harvey_00000501_post_disaster.png,Full dataset\train\train\labels\hurricane-harvey_00000501_pre_disaster.json,Full dataset\train\train\labels\hurricane-harvey_00000501_post_disaster.json,36,0,17,19,0
hurricane-florence_00000140,major-damage,major_damage,hurricane-florence,flooding,Full dataset\train\train\images\hurricane-florence_00000140_pre_disaster.png,Full dataset\train\train\images\hurricane-florence_00000140_post_disaster.png,Full dataset\train\train\labels\hurricane-florence_00000140_pre_disaster.json,Full dataset\train\train\labels\hurricane-florence_00000140_post_disaster.json,1,0,0,1,0
hurricane-harvey_00000205,major-damage,major_damage,hurricane-harvey,flooding,Full dataset\train\train\images\hurricane-harvey_00000205_pre_disaster.png,Full dataset\train\train\images\hurricane-harvey_00000205_post_disaster.png,Full dataset\train\train\labels\hurricane-harvey_00000205_pre_disaster.json,Full dataset\train\train\labels\hurricane-harvey_00000205_post_disaster.json,82,0,10,72,0
hurricane-florence_00000389,major-damage,major_damage,hurricane-florence,flooding,Full dataset\train\train\images\hurricane-florence_00000389_pre_disaster.png,Full dataset\train\train\images\hurricane-florence_00000389_post_disaster.png,Full dataset\train\train\labels\hurricane-florence_00000389_pre_disaster.json,Full dataset\train\train\labels\hurricane-florence_00000389_post_disaster.json,27,0,0,27,0
midwest-flooding_00000418,no-damage,no_damage,midwest-flooding,flooding,Full dataset\train\train\images\midwest-flooding_00000418_pre_disaster.png,Full dataset\train\train\images\midwest-flooding_00000418_post_disaster.png,Full dataset\train\train\labels\midwest-flooding_00000418_pre_disaster.json,Full dataset\train\train\labels\midwest-flooding_00000418_post_disaster.json,3,2,1,0,0
hurricane-michael_00000003,minor-damage,minor_damage,hurricane-michael,wind,Full dataset\train\train\images\hurricane-michael_00000003_pre_disaster.png,Full dataset\train\train\images\hurricane-michael_00000003_post_disaster.png,Full dataset\train\train\labels\hurricane-michael_00000003_pre_disaster.json,Full dataset\train\train\labels\hurricane-michael_00000003_post_disaster.json,35,0,31,3,1
hurricane-matthew_00000079,minor-damage,minor_damage,hurricane-matthew,wind,Full dataset\train\train\images\hurricane-matthew_00000079_pre_disaster.png,Full dataset\train\train\images\hurricane-matthew_00000079_post_disaster.png,Full dataset\train\train\labels\hurricane-matthew_00000079_pre_disaster.json,Full dataset\train\train\labels\hurricane-matthew_00000079_post_disaster.json,17,3,13,1,0
hurricane-harvey_00000055,major-damage,major_damage,hurricane-harvey,flooding,Full dataset\train\train\images\hurricane-harvey_00000055_pre_disaster.png,Full dataset\train\train\images\hurricane-harvey_00000055_post_disaster.png,Full dataset\train\train\labels\hurricane-harvey_00000055_pre_disaster.json,Full dataset\train\train\labels\hurricane-harvey_00000055_post_disaster.json,1,0,0,1,0
hurricane-michael_00000000,no-damage,no_damage,hurricane-michael,wind,Full dataset\train\train\images\hurricane-michael_00000000_pre_disaster.png,Full dataset\train\train\images\hurricane-michael_00000000_post_disaster.png,Full dataset\train\train\labels\hurricane-michael_00000000_pre_disaster.json,Full dataset\train\train\labels\hurricane-michael_00000000_post_disaster.json,53,43,10,0,0
socal-fire_00000935,no-damage,no_damage,socal-fire,fire,Full dataset\train\train\images\socal-fire_00000935_pre_disaster.png,Full dataset\train\train\images\socal-fire_00000935_post_disaster.png,Full dataset\train\train\labels\socal-fire_00000935_pre_disaster.json,Full dataset\train\train\labels\socal-fire_00000935_post_disaster.json,137,137,0,0,0
midwest-flooding_00000100,no-damage,no_damage,midwest-flooding,flooding,Full dataset\train\train\images\midwest-flooding_00000100_pre_disaster.png,Full dataset\train\train\images\midwest-flooding_00000100_post_disaster.png,Full dataset\train\train\labels\midwest-flooding_00000100_pre_disaster.json,Full dataset\train\train\labels\midwest-flooding_00000100_post_disaster.json,19,19,0,0,0
santa-rosa-wildfire_00000300,destroyed,destroyed,santa-rosa-wildfire,fire,Full dataset\train\train\images\santa-rosa-wildfire_00000300_pre_disaster.png,Full dataset\train\train\images\santa-rosa-wildfire_00000300_post_disaster.png,Full dataset\train\train\labels\santa-rosa-wildfire_00000300_pre_disaster.json,Full dataset\train\train\labels\santa-rosa-wildfire_00000300_post_disaster.json,1,0,0,0,1
socal-fire_00000384,no-damage,no_damage,socal-fire,fire,Full dataset\train\train\images\socal-fire_00000384_pre_disaster.png,Full dataset\train\train\images\socal-fire_00000384_post_disaster.png,Full dataset\train\train\labels\socal-fire_00000384_pre_disaster.json,Full dataset\train\train\labels\socal-fire_00000384_post_disaster.json,0,0,0,0,0
socal-fire_00001040,no-damage,no_damage,socal-fire,fire,Full dataset\train\train\images\socal-fire_00001040_pre_disaster.png,Full dataset\train\train\images\socal-fire_00001040_post_disaster.png,Full dataset\train\train\labels\socal-fire_00001040_pre_disaster.json,Full dataset\train\train\labels\socal-fire_00001040_post_disaster.json,81,81,0,0,0
hurricane-harvey_00000144,major-damage,major_damage,hurricane-harvey,flooding,Full dataset\train\train\images\hurricane-harvey_00000144_pre_disaster.png,Full dataset\train\train\images\hurricane-harvey_00000144_post_disaster.png,Full dataset\train\train\labels\hurricane-harvey_00000144_pre_disaster.json,Full dataset\train\train\labels\hurricane-harvey_00000144_post_disaster.json,12,0,6,6,0
midwest-flooding_00000331,no-damage,no_damage,midwest-flooding,flooding,Full dataset\train\train\images\midwest-flooding_00000331_pre_disaster.png,Full dataset\train\train\images\midwest-flooding_00000331_post_disaster.png,Full dataset\train\train\labels\midwest-flooding_00000331_pre_disaster.json,Full dataset\train\train\labels\midwest-flooding_00000331_post_disaster.json,34,29,1,4,0
socal-fire_00000387,destroyed,destroyed,socal-fire,fire,Full dataset\train\train\images\socal-fire_00000387_pre_disaster.png,Full dataset\train\train\images\socal-fire_00000387_post_disaster.png,Full dataset\train\train\labels\socal-fire_00000387_pre_disaster.json,Full dataset\train\train\labels\socal-fire_00000387_post_disaster.json,22,0,0,1,21
hurricane-michael_00000141,no-damage,no_damage,hurricane-michael,wind,Full dataset\train\train\images\hurricane-michael_00000141_pre_disaster.png,Full dataset\train\train\images\hurricane-michael_00000141_post_disaster.png,Full dataset\train\train\labels\hurricane-michael_00000141_pre_disaster.json,Full dataset\train\train\labels\hurricane-michael_00000141_post_disaster.json,82,48,31,2,1
socal-fire_00001259,destroyed,destroyed,socal-fire,fire,Full dataset\train\train\images\socal-fire_00001259_pre_disaster.png,Full dataset\train\train\images\socal-fire_00001259_post_disaster.png,Full dataset\train\train\labels\socal-fire_00001259_pre_disaster.json,Full dataset\train\train\labels\socal-fire_00001259_post_disaster.json,14,2,0,1,11
hurricane-michael_00000421,no-damage,no_damage,hurricane-michael,wind,Full dataset\train\train\images\hurricane-michael_00000421_pre_disaster.png,Full dataset\train\train\images\hurricane-michael_00000421_post_disaster.png,Full dataset\train\train\labels\hurricane-michael_00000421_pre_disaster.json,Full dataset\train\train\labels\hurricane-michael_00000421_post_disaster.json,140,93,30,16,1
hurricane-matthew_00000398,major-damage,major_damage,hurricane-matthew,wind,Full dataset\train\train\images\hurricane-matthew_00000398_pre_disaster.png,Full dataset\train\train\images\hurricane-matthew_00000398_post_disaster.png,Full dataset\train\train\labels\hurricane-matthew_00000398_pre_disaster.json,Full dataset\train\train\labels\hurricane-matthew_00000398_post_disaster.json,39,0,5,15,19
socal-fire_00000508,no-damage,no_damage,socal-fire,fire,Full dataset\train\train\images\socal-fire_00000508_pre_disaster.png,Full dataset\train\train\images\socal-fire_00000508_post_disaster.png,Full dataset\train\train\labels\socal-fire_00000508_pre_disaster.json,Full dataset\train\train\labels\socal-fire_00000508_post_disaster.json,0,0,0,0,0
midwest-flooding_00000003,no-damage,no_damage,midwest-flooding,flooding,Full dataset\train\train\images\midwest-flooding_00000003_pre_disaster.png,Full dataset\train\train\images\midwest-flooding_00000003_post_disaster.png,Full dataset\train\train\labels\midwest-flooding_00000003_pre_disaster.json,Full dataset\train\train\labels\midwest-flooding_00000003_post_disaster.json,191,189,2,0,0
hurricane-florence_00000452,major-damage,major_damage,hurricane-florence,flooding,Full dataset\train\train\images\hurricane-florence_00000452_pre_disaster.png,Full dataset\train\train\images\hurricane-florence_00000452_post_disaster.png,Full dataset\train\train\labels\hurricane-florence_00000452_pre_disaster.json,Full dataset\train\train\labels\hurricane-florence_00000452_post_disaster.json,19,3,0,16,0
socal-fire_00000714,no-damage,no_damage,socal-fire,fire,Full dataset\train\train\images\socal-fire_00000714_pre_disaster.png,Full dataset\train\train\images\socal-fire_00000714_post_disaster.png,Full dataset\train\train\labels\socal-fire_00000714_pre_disaster.json,Full dataset\train\train\labels\socal-fire_00000714_post_disaster.json,0,0,0,0,0
hurricane-harvey_00000130,destroyed,destroyed,hurricane-harvey,flooding,Full dataset\train\train\images\hurricane-harvey_00000130_pre_disaster.png,Full dataset\train\train\images\hurricane-harvey_00000130_post_disaster.png,Full dataset\train\train\labels\hurricane-harvey_00000130_pre_disaster.json,Full dataset\train\train\labels\hurricane-harvey_00000130_post_disaster.json,6,0,0,2,4
santa-rosa-wildfire_00000291,major-damage,major_damage,santa-rosa-wildfire,fire,Full dataset\train\train\images\santa-rosa-wildfire_00000291_pre_disaster.png,Full dataset\train\train\images\santa-rosa-wildfire_00000291_post_disaster.png,Full dataset\train\train\labels\santa-rosa-wildfire_00000291_pre_disaster.json,Full dataset\train\train\labels\santa-rosa-wildfire_00000291_post_disaster.json,17,7,0,0,10
santa-rosa-wildfire_00000081,destroyed,destroyed,santa-rosa-wildfire,fire,Full dataset\train\train\images\santa-rosa-wildfire_00000081_pre_disaster.png,Full dataset\train\train\images\santa-rosa-wildfire_00000081_post_disaster.png,Full dataset\train\train\labels\santa-rosa-wildfire_00000081_pre_disaster.json,Full dataset\train\train\labels\santa-rosa-wildfire_00000081_post_disaster.json,7,1,0,0,6
hurricane-matthew_00000149,destroyed,destroyed,hurricane-matthew,wind,Full dataset\train\train\images\hurricane-matthew_00000149_pre_disaster.png,Full dataset\train\train\images\hurricane-matthew_00000149_post_disaster.png,Full dataset\train\train\labels\hurricane-matthew_00000149_pre_disaster.json,Full dataset\train\train\labels\hurricane-matthew_00000149_post_disaster.json,22,0,2,3,17
hurricane-harvey_00000408,major-damage,major_damage,hurricane-harvey,flooding,Full dataset\train\train\images\hurricane-harvey_00000408_pre_disaster.png,Full dataset\train\train\images\hurricane-harvey_00000408_post_disaster.png,Full dataset\train\train\labels\hurricane-harvey_00000408_pre_disaster.json,Full dataset\train\train\labels\hurricane-harvey_00000408_post_disaster.json,39,0,14,24,1
socal-fire_00000793,destroyed,destroyed,socal-fire,fire,Full dataset\train\train\images\socal-fire_00000793_pre_disaster.png,Full dataset\train\train\images\socal-fire_00000793_post_disaster.png,Full dataset\train\train\labels\socal-fire_00000793_pre_disaster.json,Full dataset\train\train\labels\socal-fire_00000793_post_disaster.json,8,0,1,1,6
socal-fire_00000533,no-damage,no_damage,socal-fire,fire,Full dataset\train\train\images\socal-fire_00000533_pre_disaster.png,Full dataset\train\train\images\socal-fire_00000533_post_disaster.png,Full dataset\train\train\labels\socal-fire_00000533_pre_disaster.json,Full dataset\train\train\labels\socal-fire_00000533_post_disaster.json,0,0,0,0,0
palu-tsunami_00000174,no-damage,no_damage,palu-tsunami,tsunami,Full dataset\train\train\images\palu-tsunami_00000174_pre_disaster.png,Full dataset\train\train\images\palu-tsunami_00000174_post_disaster.png,Full dataset\train\train\labels\palu-tsunami_00000174_pre_disaster.json,Full dataset\train\train\labels\palu-tsunami_00000174_post_disaster.json,294,294,0,0,0
hurricane-michael_00000389,minor-damage,minor_damage,hurricane-michael,wind,Full dataset\train\train\images\hurricane-michael_00000389_pre_disaster.png,Full dataset\train\train\images\hurricane-michael_00000389_post_disaster.png,Full dataset\train\train\labels\hurricane-michael_00000389_pre_disaster.json,Full dataset\train\train\labels\hurricane-michael_00000389_post_disaster.json,8,4,3,1,0
hurricane-matthew_00000271,destroyed,destroyed,hurricane-matthew,wind,Full dataset\train\train\images\hurricane-matthew_00000271_pre_disaster.png,Full dataset\train\train\images\hurricane-matthew_00000271_post_disaster.png,Full dataset\train\train\labels\hurricane-matthew_00000271_pre_disaster.json,Full dataset\train\train\labels\hurricane-matthew_00000271_post_disaster.json,4,0,0,0,4
hurricane-matthew_00000110,destroyed,destroyed,hurricane-matthew,wind,Full dataset\train\train\images\hurricane-matthew_00000110_pre_disaster.png,Full dataset\train\train\images\hurricane-matthew_00000110_post_disaster.png,Full dataset\train\train\labels\hurricane-matthew_00000110_pre_disaster.json,Full dataset\train\train\labels\hurricane-matthew_00000110_post_disaster.json,16,0,1,5,10
midwest-flooding_00000355,no-damage,no_damage,midwest-flooding,flooding,Full dataset\train\train\images\midwest-flooding_00000355_pre_disaster.png,Full dataset\train\train\images\midwest-flooding_00000355_post_disaster.png,Full dataset\train\train\labels\midwest-flooding_00000355_pre_disaster.json,Full dataset\train\train\labels\midwest-flooding_00000355_post_disaster.json,9,6,2,1,0
santa-rosa-wildfire_00000023,minor-damage,minor_damage,santa-rosa-wildfire,fire,Full dataset\train\train\images\santa-rosa-wildfire_00000023_pre_disaster.png,Full dataset\train\train\images\santa-rosa-wildfire_00000023_post_disaster.png,Full dataset\train\train\labels\santa-rosa-wildfire_00000023_pre_disaster.json,Full dataset\train\train\labels\santa-rosa-wildfire_00000023_post_disaster.json,24,13,0,0,11
hurricane-harvey_00000257,major-damage,major_damage,hurricane-harvey,flooding,Full dataset\train\train\images\hurricane-harvey_00000257_pre_disaster.png,Full dataset\train\train\images\hurricane-harvey_00000257_post_disaster.png,Full dataset\train\train\labels\hurricane-harvey_00000257_pre_disaster.json,Full dataset\train\train\labels\hurricane-harvey_00000257_post_disaster.json,9,0,0,9,0
santa-rosa-wildfire_00000249,destroyed,destroyed,santa-rosa-wildfire,fire,Full dataset\train\train\images\santa-rosa-wildfire_00000249_pre_disaster.png,Full dataset\train\train\images\santa-rosa-wildfire_00000249_post_disaster.png,Full dataset\train\train\labels\santa-rosa-wildfire_00000249_pre_disaster.json,Full dataset\train\train\labels\santa-rosa-wildfire_00000249_post_disaster.json,11,1,0,0,10
hurricane-harvey_00000358,major-damage,major_damage,hurricane-harvey,flooding,Full dataset\train\train\images\hurricane-harvey_00000358_pre_disaster.png,Full dataset\train\train\images\hurricane-harvey_00000358_post_disaster.png,Full dataset\train\train\labels\hurricane-harvey_00000358_pre_disaster.json,Full dataset\train\train\labels\hurricane-harvey_00000358_post_disaster.json,157,0,0,153,4
santa-rosa-wildfire_00000345,destroyed,destroyed,santa-rosa-wildfire,fire,Full dataset\train\train\images\santa-rosa-wildfire_00000345_pre_disaster.png,Full dataset\train\train\images\santa-rosa-wildfire_00000345_post_disaster.png,Full dataset\train\train\labels\santa-rosa-wildfire_00000345_pre_disaster.json,Full dataset\train\train\labels\santa-rosa-wildfire_00000345_post_disaster.json,2,0,0,0,2
hurricane-harvey_00000275,major-damage,major_damage,hurricane-harvey,flooding,Full dataset\train\train\images\hurricane-harvey_00000275_pre_disaster.png,Full dataset\train\train\images\hurricane-harvey_00000275_post_disaster.png,Full dataset\train\train\labels\hurricane-harvey_00000275_pre_disaster.json,Full dataset\train\train\labels\hurricane-harvey_00000275_post_disaster.json,9,0,0,6,3
santa-rosa-wildfire_00000183,destroyed,destroyed,santa-rosa-wildfire,fire,Full dataset\train\train\images\santa-rosa-wildfire_00000183_pre_disaster.png,Full dataset\train\train\images\santa-rosa-wildfire_00000183_post_disaster.png,Full dataset\train\train\labels\santa-rosa-wildfire_00000183_pre_disaster.json,Full dataset\train\train\labels\santa-rosa-wildfire_00000183_post_disaster.json,3,0,0,0,3
socal-fire_00000220,minor-damage,minor_damage,socal-fire,fire,Full dataset\train\train\images\socal-fire_00000220_pre_disaster.png,Full dataset\train\train\images\socal-fire_00000220_post_disaster.png,Full dataset\train\train\labels\socal-fire_00000220_pre_disaster.json,Full dataset\train\train\labels\socal-fire_00000220_post_disaster.json,25,16,0,0,9
hurricane-matthew_00000078,minor-damage,minor_damage,hurricane-matthew,wind,Full dataset\train\train\images\hurricane-matthew_00000078_pre_disaster.png,Full dataset\train\train\images\hurricane-matthew_00000078_post_disaster.png,Full dataset\train\train\labels\hurricane-matthew_00000078_pre_disaster.json,Full dataset\train\train\labels\hurricane-matthew_00000078_post_disaster.json,45,0,31,9,5
santa-rosa-wildfire_00000296,major-damage,major_damage,santa-rosa-wildfire,fire,Full dataset\train\train\images\santa-rosa-wildfire_00000296_pre_disaster.png,Full dataset\train\train\images\santa-rosa-wildfire_00000296_post_disaster.png,Full dataset\train\train\labels\santa-rosa-wildfire_00000296_pre_disaster.json,Full dataset\train\train\labels\santa-rosa-wildfire_00000296_post_disaster.json,8,3,0,0,5
hurricane-florence_00000083,major-damage,major_damage,hurricane-florence,flooding,Full dataset\train\train\images\hurricane-florence_00000083_pre_disaster.png,Full dataset\train\train\images\hurricane-florence_00000083_post_disaster.png,Full dataset\train\train\labels\hurricane-florence_00000083_pre_disaster.json,Full dataset\train\train\labels\hurricane-florence_00000083_post_disaster.json,4,0,0,4,0
hurricane-harvey_00000506,major-damage,major_damage,hurricane-harvey,flooding,Full dataset\train\train\images\hurricane-harvey_00000506_pre_disaster.png,Full dataset\train\train\images\hurricane-harvey_00000506_post_disaster.png,Full dataset\train\train\labels\hurricane-harvey_00000506_pre_disaster.json,Full dataset\train\train\labels\hurricane-harvey_00000506_post_disaster.json,101,0,0,101,0
santa-rosa-wildfire_00000056,major-damage,major_damage,santa-rosa-wildfire,fire,Full dataset\train\train\images\santa-rosa-wildfire_00000056_pre_disaster.png,Full dataset\train\train\images\santa-rosa-wildfire_00000056_post_disaster.png,Full dataset\train\train\labels\santa-rosa-wildfire_00000056_pre_disaster.json,Full dataset\train\train\labels\santa-rosa-wildfire_00000056_post_disaster.json,49,13,2,0,34
hurricane-michael_00000427,minor-damage,minor_damage,hurricane-michael,wind,Full dataset\train\train\images\hurricane-michael_00000427_pre_disaster.png,Full dataset\train\train\images\hurricane-michael_00000427_post_disaster.png,Full dataset\train\train\labels\hurricane-michael_00000427_pre_disaster.json,Full dataset\train\train\labels\hurricane-michael_00000427_post_disaster.json,52,30,12,9,1
hurricane-harvey_00000157,major-damage,major_damage,hurricane-harvey,flooding,Full dataset\train\train\images\hurricane-harvey_00000157_pre_disaster.png,Full dataset\train\train\images\hurricane-harvey_00000157_post_disaster.png,Full dataset\train\train\labels\hurricane-harvey_00000157_pre_disaster.json,Full dataset\train\train\labels\hurricane-harvey_00000157_post_disaster.json,3,0,0,3,0
hurricane-michael_00000156,minor-damage,minor_damage,hurricane-michael,wind,Full dataset\train\train\images\hurricane-michael_00000156_pre_disaster.png,Full dataset\train\train\images\hurricane-michael_00000156_post_disaster.png,Full dataset\train\train\labels\hurricane-michael_00000156_pre_disaster.json,Full dataset\train\train\labels\hurricane-michael_00000156_post_disaster.json,43,29,5,2,7
mexico-earthquake_00000055,no-damage,no_damage,mexico-earthquake,earthquake,Full dataset\train\train\images\mexico-earthquake_00000055_pre_disaster.png,Full dataset\train\train\images\mexico-earthquake_00000055_post_disaster.png,Full dataset\train\train\labels\mexico-earthquake_00000055_pre_disaster.json,Full dataset\train\train\labels\mexico-earthquake_00000055_post_disaster.json,210,204,6,0,0
hurricane-harvey_00000020,minor-damage,minor_damage,hurricane-harvey,flooding,Full dataset\train\train\images\hurricane-harvey_00000020_pre_disaster.png,Full dataset\train\train\images\hurricane-harvey_00000020_post_disaster.png,Full dataset\train\train\labels\hurricane-harvey_00000020_pre_disaster.json,Full dataset\train\train\labels\hurricane-harvey_00000020_post_disaster.json,13,0,12,1,0
socal-fire_00000109,no-damage,no_damage,socal-fire,fire,Full dataset\train\train\images\socal-fire_00000109_pre_disaster.png,Full dataset\train\train\images\socal-fire_00000109_post_disaster.png,Full dataset\train\train\labels\socal-fire_00000109_pre_disaster.json,Full dataset\train\train\labels\socal-fire_00000109_post_disaster.json,19,19,0,0,0
socal-fire_00001206,no-damage,no_damage,socal-fire,fire,Full dataset\train\train\images\socal-fire_00001206_pre_disaster.png,Full dataset\train\train\images\socal-fire_00001206_post_disaster.png,Full dataset\train\train\labels\socal-fire_00001206_pre_disaster.json,Full dataset\train\train\labels\socal-fire_00001206_post_disaster.json,0,0,0,0,0
santa-rosa-wildfire_00000096,minor-damage,minor_damage,santa-rosa-wildfire,fire,Full dataset\train\train\images\santa-rosa-wildfire_00000096_pre_disaster.png,Full dataset\train\train\images\santa-rosa-wildfire_00000096_post_disaster.png,Full dataset\train\train\labels\santa-rosa-wildfire_00000096_pre_disaster.json,Full dataset\train\train\labels\santa-rosa-wildfire_00000096_post_disaster.json,45,24,2,1,18
hurricane-matthew_00000084,minor-damage,minor_damage,hurricane-matthew,wind,Full dataset\train\train\images\hurricane-matthew_00000084_pre_disaster.png,Full dataset\train\train\images\hurricane-matthew_00000084_post_disaster.png,Full dataset\train\train\labels\hurricane-matthew_00000084_pre_disaster.json,Full dataset\train\train\labels\hurricane-matthew_00000084_post_disaster.json,64,0,61,3,0
hurricane-matthew_00000178,destroyed,destroyed,hurricane-matthew,wind,Full dataset\train\train\images\hurricane-matthew_00000178_pre_disaster.png,Full dataset\train\train\images\hurricane-matthew_00000178_post_disaster.png,Full dataset\train\train\labels\hurricane-matthew_00000178_pre_disaster.json,Full dataset\train\train\labels\hurricane-matthew_00000178_post_disaster.json,19,0,3,3,13
hurricane-matthew_00000369,major-damage,major_damage,hurricane-matthew,wind,Full dataset\train\train\images\hurricane-matthew_00000369_pre_disaster.png,Full dataset\train\train\images\hurricane-matthew_00000369_post_disaster.png,Full dataset\train\train\labels\hurricane-matthew_00000369_pre_disaster.json,Full dataset\train\train\labels\hurricane-matthew_00000369_post_disaster.json,14,0,6,4,4
hurricane-harvey_00000226,major-damage,major_damage,hurricane-harvey,flooding,Full dataset\train\train\images\hurricane-harvey_00000226_pre_disaster.png,Full dataset\train\train\images\hurricane-harvey_00000226_post_disaster.png,Full dataset\train\train\labels\hurricane-harvey_00000226_pre_disaster.json,Full dataset\train\train\labels\hurricane-harvey_00000226_post_disaster.json,1,0,0,1,0
hurricane-florence_00000498,major-damage,major_damage,hurricane-florence,flooding,Full dataset\train\train\images\hurricane-florence_00000498_pre_disaster.png,Full dataset\train\train\images\hurricane-florence_00000498_post_disaster.png,Full dataset\train\train\labels\hurricane-florence_00000498_pre_disaster.json,Full dataset\train\train\labels\hurricane-florence_00000498_post_disaster.json,20,0,0,20,0
hurricane-harvey_00000511,destroyed,destroyed,hurricane-harvey,flooding,Full dataset\train\train\images\hurricane-harvey_00000511_pre_disaster.png,Full dataset\train\train\images\hurricane-harvey_00000511_post_disaster.png,Full dataset\train\train\labels\hurricane-harvey_00000511_pre_disaster.json,Full dataset\train\train\labels\hurricane-harvey_00000511_post_disaster.json,13,0,0,5,8
midwest-flooding_00000281,no-damage,no_damage,midwest-flooding,flooding,Full dataset\train\train\images\midwest-flooding_00000281_pre_disaster.png,Full dataset\train\train\images\midwest-flooding_00000281_post_disaster.png,Full dataset\train\train\labels\midwest-flooding_00000281_pre_disaster.json,Full dataset\train\train\labels\midwest-flooding_00000281_post_disaster.json,36,36,0,0,0
socal-fire_00000056,no-damage,no_damage,socal-fire,fire,Full dataset\train\train\images\socal-fire_00000056_pre_disaster.png,Full dataset\train\train\images\socal-fire_00000056_post_disaster.png,Full dataset\train\train\labels\socal-fire_00000056_pre_disaster.json,Full dataset\train\train\labels\socal-fire_00000056_post_disaster.json,0,0,0,0,0
socal-fire_00000434,destroyed,destroyed,socal-fire,fire,Full dataset\train\train\images\socal-fire_00000434_pre_disaster.png,Full dataset\train\train\images\socal-fire_00000434_post_disaster.png,Full dataset\train\train\labels\socal-fire_00000434_pre_disaster.json,Full dataset\train\train\labels\socal-fire_00000434_post_disaster.json,2,0,0,0,2
hurricane-michael_00000500,no-damage,no_damage,hurricane-michael,wind,Full dataset\train\train\images\hurricane-michael_00000500_pre_disaster.png,Full dataset\train\train\images\hurricane-michael_00000500_post_disaster.png,Full dataset\train\train\labels\hurricane-michael_00000500_pre_disaster.json,Full dataset\train\train\labels\hurricane-michael_00000500_post_disaster.json,66,52,9,5,0
hurricane-harvey_00000486,major-damage,major_damage,hurricane-harvey,flooding,Full dataset\train\train\images\hurricane-harvey_00000486_pre_disaster.png,Full dataset\train\train\images\hurricane-harvey_00000486_post_disaster.png,Full dataset\train\train\labels\hurricane-harvey_00000486_pre_disaster.json,Full dataset\train\train\labels\hurricane-harvey_00000486_post_disaster.json,40,7,7,24,2
socal-fire_00000282,no-damage,no_damage,socal-fire,fire,Full dataset\train\train\images\socal-fire_00000282_pre_disaster.png,Full dataset\train\train\images\socal-fire_00000282_post_disaster.png,Full dataset\train\train\labels\socal-fire_00000282_pre_disaster.json,Full dataset\train\train\labels\socal-fire_00000282_post_disaster.json,0,0,0,0,0
socal-fire_00000090,minor-damage,minor_damage,socal-fire,fire,Full dataset\train\train\images\socal-fire_00000090_pre_disaster.png,Full dataset\train\train\images\socal-fire_00000090_post_disaster.png,Full dataset\train\train\labels\socal-fire_00000090_pre_disaster.json,Full dataset\train\train\labels\socal-fire_00000090_post_disaster.json,25,17,0,0,8
socal-fire_00000573,minor-damage,minor_damage,socal-fire,fire,Full dataset\train\train\images\socal-fire_00000573_pre_disaster.png,Full dataset\train\train\images\socal-fire_00000573_post_disaster.png,Full dataset\train\train\labels\socal-fire_00000573_pre_disaster.json,Full dataset\train\train\labels\socal-fire_00000573_post_disaster.json,47,35,0,0,12
palu-tsunami_00000191,destroyed,destroyed,palu-tsunami,tsunami,Full dataset\train\train\images\palu-tsunami_00000191_pre_disaster.png,Full dataset\train\train\images\palu-tsunami_00000191_post_disaster.png,Full dataset\train\train\labels\palu-tsunami_00000191_pre_disaster.json,Full dataset\train\train\labels\palu-tsunami_00000191_post_disaster.json,105,13,0,0,92
santa-rosa-wildfire_00000293,destroyed,destroyed,santa-rosa-wildfire,fire,Full dataset\train\train\images\santa-rosa-wildfire_00000293_pre_disaster.png,Full dataset\train\train\images\santa-rosa-wildfire_00000293_post_disaster.png,Full dataset\train\train\labels\santa-rosa-wildfire_00000293_pre_disaster.json,Full dataset\train\train\labels\santa-rosa-wildfire_00000293_post_disaster.json,2,0,0,0,2
hurricane-florence_00000420,minor-damage,minor_damage,hurricane-florence,flooding,Full dataset\train\train\images\hurricane-florence_00000420_pre_disaster.png,Full dataset\train\train\images\hurricane-florence_00000420_post_disaster.png,Full dataset\train\train\labels\hurricane-florence_00000420_pre_disaster.json,Full dataset\train\train\labels\hurricane-florence_00000420_post_disaster.json,8,6,0,2,0
santa-rosa-wildfire_00000118,destroyed,destroyed,santa-rosa-wildfire,fire,Full dataset\train\train\images\santa-rosa-wildfire_00000118_pre_disaster.png,Full dataset\train\train\images\santa-rosa-wildfire_00000118_post_disaster.png,Full dataset\train\train\labels\santa-rosa-wildfire_00000118_pre_disaster.json,Full dataset\train\train\labels\santa-rosa-wildfire_00000118_post_disaster.json,46,3,0,0,43
socal-fire_00000204,destroyed,destroyed,socal-fire,fire,Full dataset\train\train\images\socal-fire_00000204_pre_disaster.png,Full dataset\train\train\images\socal-fire_00000204_post_disaster.png,Full dataset\train\train\labels\socal-fire_00000204_pre_disaster.json,Full dataset\train\train\labels\socal-fire_00000204_post_disaster.json,1,0,0,0,1
hurricane-harvey_00000489,minor-damage,minor_damage,hurricane-harvey,flooding,Full dataset\train\train\images\hurricane-harvey_00000489_pre_disaster.png,Full dataset\train\train\images\hurricane-harvey_00000489_post_disaster.png,Full dataset\train\train\labels\hurricane-harvey_00000489_pre_disaster.json,Full dataset\train\train\labels\hurricane-harvey_00000489_post_disaster.json,43,7,10,26,0
hurricane-matthew_00000328,destroyed,destroyed,hurricane-matthew,wind,Full dataset\train\train\images\hurricane-matthew_00000328_pre_disaster.png,Full dataset\train\train\images\hurricane-matthew_00000328_post_disaster.png,Full dataset\train\train\labels\hurricane-matthew_00000328_pre_disaster.json,Full dataset\train\train\labels\hurricane-matthew_00000328_post_disaster.json,29,0,1,6,22
socal-fire_00000430,destroyed,destroyed,socal-fire,fire,Full dataset\train\train\images\socal-fire_00000430_pre_disaster.png,Full dataset\train\train\images\socal-fire_00000430_post_disaster.png,Full dataset\train\train\labels\socal-fire_00000430_pre_disaster.json,Full dataset\train\train\labels\socal-fire_00000430_post_disaster.json,1,0,0,0,1
socal-fire_00000243,no-damage,no_damage,socal-fire,fire,Full dataset\train\train\images\socal-fire_00000243_pre_disaster.png,Full dataset\train\train\images\socal-fire_00000243_post_disaster.png,Full dataset\train\train\labels\socal-fire_00000243_pre_disaster.json,Full dataset\train\train\labels\socal-fire_00000243_post_disaster.json,0,0,0,0,0
santa-rosa-wildfire_00000196,destroyed,destroyed,santa-rosa-wildfire,fire,Full dataset\train\train\images\santa-rosa-wildfire_00000196_pre_disaster.png,Full dataset\train\train\images\santa-rosa-wildfire_00000196_post_disaster.png,Full dataset\train\train\labels\santa-rosa-wildfire_00000196_pre_disaster.json,Full dataset\train\train\labels\santa-rosa-wildfire_00000196_post_disaster.json,32,1,0,0,31
hurricane-florence_00000022,major-damage,major_damage,hurricane-florence,flooding,Full dataset\train\train\images\hurricane-florence_00000022_pre_disaster.png,Full dataset\train\train\images\hurricane-florence_00000022_post_disaster.png,Full dataset\train\train\labels\hurricane-florence_00000022_pre_disaster.json,Full dataset\train\train\labels\hurricane-florence_00000022_post_disaster.json,6,0,0,6,0
hurricane-michael_00000136,major-damage,major_damage,hurricane-michael,wind,Full dataset\train\train\images\hurricane-michael_00000136_pre_disaster.png,Full dataset\train\train\images\hurricane-michael_00000136_post_disaster.png,Full dataset\train\train\labels\hurricane-michael_00000136_pre_disaster.json,Full dataset\train\train\labels\hurricane-michael_00000136_post_disaster.json,18,1,6,6,5
socal-fire_00000620,minor-damage,minor_damage,socal-fire,fire,Full dataset\train\train\images\socal-fire_00000620_pre_disaster.png,Full dataset\train\train\images\socal-fire_00000620_post_disaster.png,Full dataset\train\train\labels\socal-fire_00000620_pre_disaster.json,Full dataset\train\train\labels\socal-fire_00000620_post_disaster.json,14,9,0,1,4
hurricane-michael_00000196,minor-damage,minor_damage,hurricane-michael,wind,Full dataset\train\train\images\hurricane-michael_00000196_pre_disaster.png,Full dataset\train\train\images\hurricane-michael_00000196_post_disaster.png,Full dataset\train\train\labels\hurricane-michael_00000196_pre_disaster.json,Full dataset\train\train\labels\hurricane-michael_00000196_post_disaster.json,108,51,27,21,9
hurricane-matthew_00000278,minor-damage,minor_damage,hurricane-matthew,wind,Full dataset\train\train\images\hurricane-matthew_00000278_pre_disaster.png,Full dataset\train\train\images\hurricane-matthew_00000278_post_disaster.png,Full dataset\train\train\labels\hurricane-matthew_00000278_pre_disaster.json,Full dataset\train\train\labels\hurricane-matthew_00000278_post_disaster.json,92,10,67,12,3
hurricane-matthew_00000077,minor-damage,minor_damage,hurricane-matthew,wind,Full dataset\train\train\images\hurricane-matthew_00000077_pre_disaster.png,Full dataset\train\train\images\hurricane-matthew_00000077_post_disaster.png,Full dataset\train\train\labels\hurricane-matthew_00000077_pre_disaster.json,Full dataset\train\train\labels\hurricane-matthew_00000077_post_disaster.json,52,18,30,3,1
hurricane-harvey_00000107,major-damage,major_damage,hurricane-harvey,flooding,Full dataset\train\train\images\hurricane-harvey_00000107_pre_disaster.png,Full dataset\train\train\images\hurricane-harvey_00000107_post_disaster.png,Full dataset\train\train\labels\hurricane-harvey_00000107_pre_disaster.json,Full dataset\train\train\labels\hurricane-harvey_00000107_post_disaster.json,13,0,0,13,0
socal-fire_00000785,major-damage,major_damage,socal-fire,fire,Full dataset\train\train\images\socal-fire_00000785_pre_disaster.png,Full dataset\train\train\images\socal-fire_00000785_post_disaster.png,Full dataset\train\train\labels\socal-fire_00000785_pre_disaster.json,Full dataset\train\train\labels\socal-fire_00000785_post_disaster.json,13,5,0,0,8
hurricane-matthew_00000284,minor-damage,minor_damage,hurricane-matthew,wind,Full dataset\train\train\images\hurricane-matthew_00000284_pre_disaster.png,Full dataset\train\train\images\hurricane-matthew_00000284_post_disaster.png,Full dataset\train\train\labels\hurricane-matthew_00000284_pre_disaster.json,Full dataset\train\train\labels\hurricane-matthew_00000284_post_disaster.json,2,0,2,0,0
palu-tsunami_00000160,minor-damage,minor_damage,palu-tsunami,tsunami,Full dataset\train\train\images\palu-tsunami_00000160_pre_disaster.png,Full dataset\train\train\images\palu-tsunami_00000160_post_disaster.png,Full dataset\train\train\labels\palu-tsunami_00000160_pre_disaster.json,Full dataset\train\train\labels\palu-tsunami_00000160_post_disaster.json,222,164,0,9,49
hurricane-michael_00000076,minor-damage,minor_damage,hurricane-michael,wind,Full dataset\train\train\images\hurricane-michael_00000076_pre_disaster.png,Full dataset\train\train\images\hurricane-michael_00000076_post_disaster.png,Full dataset\train\train\labels\hurricane-michael_00000076_pre_disaster.json,Full dataset\train\train\labels\hurricane-michael_00000076_post_disaster.json,54,34,12,4,4
santa-rosa-wildfire_00000152,destroyed,destroyed,santa-rosa-wildfire,fire,Full dataset\train\train\images\santa-rosa-wildfire_00000152_pre_disaster.png,Full dataset\train\train\images\santa-rosa-wildfire_00000152_post_disaster.png,Full dataset\train\train\labels\santa-rosa-wildfire_00000152_pre_disaster.json,Full dataset\train\train\labels\santa-rosa-wildfire_00000152_post_disaster.json,9,0,1,0,8
hurricane-harvey_00000159,minor-damage,minor_damage,hurricane-harvey,flooding,Full dataset\train\train\images\hurricane-harvey_00000159_pre_disaster.png,Full dataset\train\train\images\hurricane-harvey_00000159_post_disaster.png,Full dataset\train\train\labels\hurricane-harvey_00000159_pre_disaster.json,Full dataset\train\train\labels\hurricane-harvey_00000159_post_disaster.json,128,55,24,49,0
hurricane-michael_00000353,major-damage,major_damage,hurricane-michael,wind,Full dataset\train\train\images\hurricane-michael_00000353_pre_disaster.png,Full dataset\train\train\images\hurricane-michael_00000353_post_disaster.png,Full dataset\train\train\labels\hurricane-michael_00000353_pre_disaster.json,Full dataset\train\train\labels\hurricane-michael_00000353_post_disaster.json,3,1,0,1,1
palu-tsunami_00000025,minor-damage,minor_damage,palu-tsunami,tsunami,Full dataset\train\train\images\palu-tsunami_00000025_pre_disaster.png,Full dataset\train\train\images\palu-tsunami_00000025_post_disaster.png,Full dataset\train\train\labels\palu-tsunami_00000025_pre_disaster.json,Full dataset\train\train\labels\palu-tsunami_00000025_post_disaster.json,86,47,0,7,32
hurricane-michael_00000134,minor-damage,minor_damage,hurricane-michael,wind,Full dataset\train\train\images\hurricane-michael_00000134_pre_disaster.png,Full dataset\train\train\images\hurricane-michael_00000134_post_disaster.png,Full dataset\train\train\labels\hurricane-michael_00000134_pre_disaster.json,Full dataset\train\train\labels\hurricane-michael_00000134_post_disaster.json,4,2,1,1,0
palu-tsunami_00000054,no-damage,no_damage,palu-tsunami,tsunami,Full dataset\train\train\images\palu-tsunami_00000054_pre_disaster.png,Full dataset\train\train\images\palu-tsunami_00000054_post_disaster.png,Full dataset\train\train\labels\palu-tsunami_00000054_pre_disaster.json,Full dataset\train\train\labels\palu-tsunami_00000054_post_disaster.json,605,605,0,0,0
hurricane-harvey_00000435,major-damage,major_damage,hurricane-harvey,flooding,Full dataset\train\train\images\hurricane-harvey_00000435_pre_disaster.png,Full dataset\train\train\images\hurricane-harvey_00000435_post_disaster.png,Full dataset\train\train\labels\hurricane-harvey_00000435_pre_disaster.json,Full dataset\train\train\labels\hurricane-harvey_00000435_post_disaster.json,158,0,21,137,0
hurricane-michael_00000004,major-damage,major_damage,hurricane-michael,wind,Full dataset\train\train\images\hurricane-michael_00000004_pre_disaster.png,Full dataset\train\train\images\hurricane-michael_00000004_post_disaster.png,Full dataset\train\train\labels\hurricane-michael_00000004_pre_disaster.json,Full dataset\train\train\labels\hurricane-michael_00000004_post_disaster.json,3,0,2,0,1
hurricane-florence_00000149,major-damage,major_damage,hurricane-florence,flooding,Full dataset\train\train\images\hurricane-florence_00000149_pre_disaster.png,Full dataset\train\train\images\hurricane-florence_00000149_post_disaster.png,Full dataset\train\train\labels\hurricane-florence_00000149_pre_disaster.json,Full dataset\train\train\labels\hurricane-florence_00000149_post_disaster.json,10,0,0,10,0
hurricane-matthew_00000206,destroyed,destroyed,hurricane-matthew,wind,Full dataset\train\train\images\hurricane-matthew_00000206_pre_disaster.png,Full dataset\train\train\images\hurricane-matthew_00000206_post_disaster.png,Full dataset\train\train\labels\hurricane-matthew_00000206_pre_disaster.json,Full dataset\train\train\labels\hurricane-matthew_00000206_post_disaster.json,19,0,0,4,15
santa-rosa-wildfire_00000353,destroyed,destroyed,santa-rosa-wildfire,fire,Full dataset\train\train\images\santa-rosa-wildfire_00000353_pre_disaster.png,Full dataset\train\train\images\santa-rosa-wildfire_00000353_post_disaster.png,Full dataset\train\train\labels\santa-rosa-wildfire_00000353_pre_disaster.json,Full dataset\train\train\labels\santa-rosa-wildfire_00000353_post_disaster.json,8,0,0,0,8
hurricane-matthew_00000376,destroyed,destroyed,hurricane-matthew,wind,Full dataset\train\train\images\hurricane-matthew_00000376_pre_disaster.png,Full dataset\train\train\images\hurricane-matthew_00000376_post_disaster.png,Full dataset\train\train\labels\hurricane-matthew_00000376_pre_disaster.json,Full dataset\train\train\labels\hurricane-matthew_00000376_post_disaster.json,28,0,1,6,21
socal-fire_00001202,destroyed,destroyed,socal-fire,fire,Full dataset\train\train\images\socal-fire_00001202_pre_disaster.png,Full dataset\train\train\images\socal-fire_00001202_post_disaster.png,Full dataset\train\train\labels\socal-fire_00001202_pre_disaster.json,Full dataset\train\train\labels\socal-fire_00001202_post_disaster.json,3,0,0,0,3
midwest-flooding_00000259,no-damage,no_damage,midwest-flooding,flooding,Full dataset\train\train\images\midwest-flooding_00000259_pre_disaster.png,Full dataset\train\train\images\midwest-flooding_00000259_post_disaster.png,Full dataset\train\train\labels\midwest-flooding_00000259_pre_disaster.json,Full dataset\train\train\labels\midwest-flooding_00000259_post_disaster.json,55,55,0,0,0
hurricane-matthew_00000385,destroyed,destroyed,hurricane-matthew,wind,Full dataset\train\train\images\hurricane-matthew_00000385_pre_disaster.png,Full dataset\train\train\images\hurricane-matthew_00000385_post_disaster.png,Full dataset\train\train\labels\hurricane-matthew_00000385_pre_disaster.json,Full dataset\train\train\labels\hurricane-matthew_00000385_post_disaster.json,124,0,2,14,108
midwest-flooding_00000313,no-damage,no_damage,midwest-flooding,flooding,Full dataset\train\train\images\midwest-flooding_00000313_pre_disaster.png,Full dataset\train\train\images\midwest-flooding_00000313_post_disaster.png,Full dataset\train\train\labels\midwest-flooding_00000313_pre_disaster.json,Full dataset\train\train\labels\midwest-flooding_00000313_post_disaster.json,90,90,0,0,0
midwest-flooding_00000407,no-damage,no_damage,midwest-flooding,flooding,Full dataset\train\train\images\midwest-flooding_00000407_pre_disaster.png,Full dataset\train\train\images\midwest-flooding_00000407_post_disaster.png,Full dataset\train\train\labels\midwest-flooding_00000407_pre_disaster.json,Full dataset\train\train\labels\midwest-flooding_00000407_post_disaster.json,15,15,0,0,0
socal-fire_00001197,no-damage,no_damage,socal-fire,fire,Full dataset\train\train\images\socal-fire_00001197_pre_disaster.png,Full dataset\train\train\images\socal-fire_00001197_post_disaster.png,Full dataset\train\train\labels\socal-fire_00001197_pre_disaster.json,Full dataset\train\train\labels\socal-fire_00001197_post_disaster.json,1,1,0,0,0
santa-rosa-wildfire_00000039,minor-damage,minor_damage,santa-rosa-wildfire,fire,Full dataset\train\train\images\santa-rosa-wildfire_00000039_pre_disaster.png,Full dataset\train\train\images\santa-rosa-wildfire_00000039_post_disaster.png,Full dataset\train\train\labels\santa-rosa-wildfire_00000039_pre_disaster.json,Full dataset\train\train\labels\santa-rosa-wildfire_00000039_post_disaster.json,46,36,0,0,10
hurricane-harvey_00000270,minor-damage,minor_damage,hurricane-harvey,flooding,Full dataset\train\train\images\hurricane-harvey_00000270_pre_disaster.png,Full dataset\train\train\images\hurricane-harvey_00000270_post_disaster.png,Full dataset\train\train\labels\hurricane-harvey_00000270_pre_disaster.json,Full dataset\train\train\labels\hurricane-harvey_00000270_post_disaster.json,1,0,1,0,0
socal-fire_00000346,destroyed,destroyed,socal-fire,fire,Full dataset\train\train\images\socal-fire_00000346_pre_disaster.png,Full dataset\train\train\images\socal-fire_00000346_post_disaster.png,Full dataset\train\train\labels\socal-fire_00000346_pre_disaster.json,Full dataset\train\train\labels\socal-fire_00000346_post_disaster.json,8,0,0,0,8
hurricane-florence_00000231,no-damage,no_damage,hurricane-florence,flooding,Full dataset\train\train\images\hurricane-florence_00000231_pre_disaster.png,Full dataset\train\train\images\hurricane-florence_00000231_post_disaster.png,Full dataset\train\train\labels\hurricane-florence_00000231_pre_disaster.json,Full dataset\train\train\labels\hurricane-florence_00000231_post_disaster.json,10,10,0,0,0
hurricane-florence_00000431,major-damage,major_damage,hurricane-florence,flooding,Full dataset\train\train\images\hurricane-florence_00000431_pre_disaster.png,Full dataset\train\train\images\hurricane-florence_00000431_post_disaster.png,Full dataset\train\train\labels\hurricane-florence_00000431_pre_disaster.json,Full dataset\train\train\labels\hurricane-florence_00000431_post_disaster.json,1,0,0,1,0
hurricane-florence_00000406,no-damage,no_damage,hurricane-florence,flooding,Full dataset\train\train\images\hurricane-florence_00000406_pre_disaster.png,Full dataset\train\train\images\hurricane-florence_00000406_post_disaster.png,Full dataset\train\train\labels\hurricane-florence_00000406_pre_disaster.json,Full dataset\train\train\labels\hurricane-florence_00000406_post_disaster.json,33,33,0,0,0
hurricane-harvey_00000132,major-damage,major_damage,hurricane-harvey,flooding,Full dataset\train\train\images\hurricane-harvey_00000132_pre_disaster.png,Full dataset\train\train\images\hurricane-harvey_00000132_post_disaster.png,Full dataset\train\train\labels\hurricane-harvey_00000132_pre_disaster.json,Full dataset\train\train\labels\hurricane-harvey_00000132_post_disaster.json,263,0,33,230,0
hurricane-harvey_00000222,major-damage,major_damage,hurricane-harvey,flooding,Full dataset\train\train\images\hurricane-harvey_00000222_pre_disaster.png,Full dataset\train\train\images\hurricane-harvey_00000222_post_disaster.png,Full dataset\train\train\labels\hurricane-harvey_00000222_pre_disaster.json,Full dataset\train\train\labels\hurricane-harvey_00000222_post_disaster.json,5,0,0,4,1
socal-fire_00000671,destroyed,destroyed,socal-fire,fire,Full dataset\train\train\images\socal-fire_00000671_pre_disaster.png,Full dataset\train\train\images\socal-fire_00000671_post_disaster.png,Full dataset\train\train\labels\socal-fire_00000671_pre_disaster.json,Full dataset\train\train\labels\socal-fire_00000671_post_disaster.json,3,0,0,0,3
santa-rosa-wildfire_00000272,major-damage,major_damage,santa-rosa-wildfire,fire,Full dataset\train\train\images\santa-rosa-wildfire_00000272_pre_disaster.png,Full dataset\train\train\images\santa-rosa-wildfire_00000272_post_disaster.png,Full dataset\train\train\labels\santa-rosa-wildfire_00000272_pre_disaster.json,Full dataset\train\train\labels\santa-rosa-wildfire_00000272_post_disaster.json,15,3,0,1,11
santa-rosa-wildfire_00000060,destroyed,destroyed,santa-rosa-wildfire,fire,Full dataset\train\train\images\santa-rosa-wildfire_00000060_pre_disaster.png,Full dataset\train\train\images\santa-rosa-wildfire_00000060_post_disaster.png,Full dataset\train\train\labels\santa-rosa-wildfire_00000060_pre_disaster.json,Full dataset\train\train\labels\santa-rosa-wildfire_00000060_post_disaster.json,10,1,0,0,9
hurricane-matthew_00000175,destroyed,destroyed,hurricane-matthew,wind,Full dataset\train\train\images\hurricane-matthew_00000175_pre_disaster.png,Full dataset\train\train\images\hurricane-matthew_00000175_post_disaster.png,Full dataset\train\train\labels\hurricane-matthew_00000175_pre_disaster.json,Full dataset\train\train\labels\hurricane-matthew_00000175_post_disaster.json,32,0,5,3,24
hurricane-harvey_00000046,no-damage,no_damage,hurricane-harvey,flooding,Full dataset\train\train\images\hurricane-harvey_00000046_pre_disaster.png,Full dataset\train\train\images\hurricane-harvey_00000046_post_disaster.png,Full dataset\train\train\labels\hurricane-harvey_00000046_pre_disaster.json,Full dataset\train\train\labels\hurricane-harvey_00000046_post_disaster.json,0,0,0,0,0
socal-fire_00000057,no-damage,no_damage,socal-fire,fire,Full dataset\train\train\images\socal-fire_00000057_pre_disaster.png,Full dataset\train\train\images\socal-fire_00000057_post_disaster.png,Full dataset\train\train\labels\socal-fire_00000057_pre_disaster.json,Full dataset\train\train\labels\socal-fire_00000057_post_disaster.json,0,0,0,0,0
santa-rosa-wildfire_00000259,destroyed,destroyed,santa-rosa-wildfire,fire,Full dataset\train\train\images\santa-rosa-wildfire_00000259_pre_disaster.png,Full dataset\train\train\images\santa-rosa-wildfire_00000259_post_disaster.png,Full dataset\train\train\labels\santa-rosa-wildfire_00000259_pre_disaster.json,Full dataset\train\train\labels\santa-rosa-wildfire_00000259_post_disaster.json,11,1,0,1,9
midwest-flooding_00000083,no-damage,no_damage,midwest-flooding,flooding,Full dataset\train\train\images\midwest-flooding_00000083_pre_disaster.png,Full dataset\train\train\images\midwest-flooding_00000083_post_disaster.png,Full dataset\train\train\labels\midwest-flooding_00000083_pre_disaster.json,Full dataset\train\train\labels\midwest-flooding_00000083_post_disaster.json,4,4,0,0,0
socal-fire_00000360,major-damage,major_damage,socal-fire,fire,Full dataset\train\train\images\socal-fire_00000360_pre_disaster.png,Full dataset\train\train\images\socal-fire_00000360_post_disaster.png,Full dataset\train\train\labels\socal-fire_00000360_pre_disaster.json,Full dataset\train\train\labels\socal-fire_00000360_post_disaster.json,55,26,0,0,29
hurricane-matthew_00000303,major-damage,major_damage,hurricane-matthew,wind,Full dataset\train\train\images\hurricane-matthew_00000303_pre_disaster.png,Full dataset\train\train\images\hurricane-matthew_00000303_post_disaster.png,Full dataset\train\train\labels\hurricane-matthew_00000303_pre_disaster.json,Full dataset\train\train\labels\hurricane-matthew_00000303_post_disaster.json,2,0,1,0,1
socal-fire_00001023,major-damage,major_damage,socal-fire,fire,Full dataset\train\train\images\socal-fire_00001023_pre_disaster.png,Full dataset\train\train\images\socal-fire_00001023_post_disaster.png,Full dataset\train\train\labels\socal-fire_00001023_pre_disaster.json,Full dataset\train\train\labels\socal-fire_00001023_post_disaster.json,35,11,8,0,16
hurricane-florence_00000181,minor-damage,minor_damage,hurricane-florence,flooding,Full dataset\train\train\images\hurricane-florence_00000181_pre_disaster.png,Full dataset\train\train\images\hurricane-florence_00000181_post_disaster.png,Full dataset\train\train\labels\hurricane-florence_00000181_pre_disaster.json,Full dataset\train\train\labels\hurricane-florence_00000181_post_disaster.json,31,20,0,11,0
hurricane-michael_00000269,minor-damage,minor_damage,hurricane-michael,wind,Full dataset\train\train\images\hurricane-michael_00000269_pre_disaster.png,Full dataset\train\train\images\hurricane-michael_00000269_post_disaster.png,Full dataset\train\train\labels\hurricane-michael_00000269_pre_disaster.json,Full dataset\train\train\labels\hurricane-michael_00000269_post_disaster.json,25,13,6,4,2
socal-fire_00000851,no-damage,no_damage,socal-fire,fire,Full dataset\train\train\images\socal-fire_00000851_pre_disaster.png,Full dataset\train\train\images\socal-fire_00000851_post_disaster.png,Full dataset\train\train\labels\socal-fire_00000851_pre_disaster.json,Full dataset\train\train\labels\socal-fire_00000851_post_disaster.json,0,0,0,0,0
socal-fire_00001154,no-damage,no_damage,socal-fire,fire,Full dataset\train\train\images\socal-fire_00001154_pre_disaster.png,Full dataset\train\train\images\socal-fire_00001154_post_disaster.png,Full dataset\train\train\labels\socal-fire_00001154_pre_disaster.json,Full dataset\train\train\labels\socal-fire_00001154_post_disaster.json,0,0,0,0,0
hurricane-harvey_00000100,destroyed,destroyed,hurricane-harvey,flooding,Full dataset\train\train\images\hurricane-harvey_00000100_pre_disaster.png,Full dataset\train\train\images\hurricane-harvey_00000100_post_disaster.png,Full dataset\train\train\labels\hurricane-harvey_00000100_pre_disaster.json,Full dataset\train\train\labels\hurricane-harvey_00000100_post_disaster.json,5,0,0,2,3
hurricane-matthew_00000172,destroyed,destroyed,hurricane-matthew,wind,Full dataset\train\train\images\hurricane-matthew_00000172_pre_disaster.png,Full dataset\train\train\images\hurricane-matthew_00000172_post_disaster.png,Full dataset\train\train\labels\hurricane-matthew_00000172_pre_disaster.json,Full dataset\train\train\labels\hurricane-matthew_00000172_post_disaster.json,3,0,0,0,3
hurricane-matthew_00000232,major-damage,major_damage,hurricane-matthew,wind,Full dataset\train\train\images\hurricane-matthew_00000232_pre_disaster.png,Full dataset\train\train\images\hurricane-matthew_00000232_post_disaster.png,Full dataset\train\train\labels\hurricane-matthew_00000232_pre_disaster.json,Full dataset\train\train\labels\hurricane-matthew_00000232_post_disaster.json,3,0,1,1,1
socal-fire_00000495,no-damage,no_damage,socal-fire,fire,Full dataset\train\train\images\socal-fire_00000495_pre_disaster.png,Full dataset\train\train\images\socal-fire_00000495_post_disaster.png,Full dataset\train\train\labels\socal-fire_00000495_pre_disaster.json,Full dataset\train\train\labels\socal-fire_00000495_post_disaster.json,52,52,0,0,0
hurricane-michael_00000102,minor-damage,minor_damage,hurricane-michael,wind,Full dataset\train\train\images\hurricane-michael_00000102_pre_disaster.png,Full dataset\train\train\images\hurricane-michael_00000102_post_disaster.png,Full dataset\train\train\labels\hurricane-michael_00000102_pre_disaster.json,Full dataset\train\train\labels\hurricane-michael_00000102_post_disaster.json,122,69,36,15,2
santa-rosa-wildfire_00000250,destroyed,destroyed,santa-rosa-wildfire,fire,Full dataset\train\train\images\santa-rosa-wildfire_00000250_pre_disaster.png,Full dataset\train\train\images\santa-rosa-wildfire_00000250_post_disaster.png,Full dataset\train\train\labels\santa-rosa-wildfire_00000250_pre_disaster.json,Full dataset\train\train\labels\santa-rosa-wildfire_00000250_post_disaster.json,44,4,1,0,39
socal-fire_00001186,minor-damage,minor_damage,socal-fire,fire,Full dataset\train\train\images\socal-fire_00001186_pre_disaster.png,Full dataset\train\train\images\socal-fire_00001186_post_disaster.png,Full dataset\train\train\labels\socal-fire_00001186_pre_disaster.json,Full dataset\train\train\labels\socal-fire_00001186_post_disaster.json,19,13,3,0,3
socal-fire_00000781,no-damage,no_damage,socal-fire,fire,Full dataset\train\train\images\socal-fire_00000781_pre_disaster.png,Full dataset\train\train\images\socal-fire_00000781_post_disaster.png,Full dataset\train\train\labels\socal-fire_00000781_pre_disaster.json,Full dataset\train\train\labels\socal-fire_00000781_post_disaster.json,0,0,0,0,0
hurricane-florence_00000192,major-damage,major_damage,hurricane-florence,flooding,Full dataset\train\train\images\hurricane-florence_00000192_pre_disaster.png,Full dataset\train\train\images\hurricane-florence_00000192_post_disaster.png,Full dataset\train\train\labels\hurricane-florence_00000192_pre_disaster.json,Full dataset\train\train\labels\hurricane-florence_00000192_post_disaster.json,3,0,0,3,0
hurricane-michael_00000145,minor-damage,minor_damage,hurricane-michael,wind,Full dataset\train\train\images\hurricane-michael_00000145_pre_disaster.png,Full dataset\train\train\images\hurricane-michael_00000145_post_disaster.png,Full dataset\train\train\labels\hurricane-michael_00000145_pre_disaster.json,Full dataset\train\train\labels\hurricane-michael_00000145_post_disaster.json,63,31,28,3,1
mexico-earthquake_00000150,no-damage,no_damage,mexico-earthquake,earthquake,Full dataset\train\train\images\mexico-earthquake_00000150_pre_disaster.png,Full dataset\train\train\images\mexico-earthquake_00000150_post_disaster.png,Full dataset\train\train\labels\mexico-earthquake_00000150_pre_disaster.json,Full dataset\train\train\labels\mexico-earthquake_00000150_post_disaster.json,26,26,0,0,0
santa-rosa-wildfire_00000314,minor-damage,minor_damage,santa-rosa-wildfire,fire,Full dataset\train\train\images\santa-rosa-wildfire_00000314_pre_disaster.png,Full dataset\train\train\images\santa-rosa-wildfire_00000314_post_disaster.png,Full dataset\train\train\labels\santa-rosa-wildfire_00000314_pre_disaster.json,Full dataset\train\train\labels\santa-rosa-wildfire_00000314_post_disaster.json,11,7,0,0,4
palu-tsunami_00000189,minor-damage,minor_damage,palu-tsunami,tsunami,Full dataset\train\train\images\palu-tsunami_00000189_pre_disaster.png,Full dataset\train\train\images\palu-tsunami_00000189_post_disaster.png,Full dataset\train\train\labels\palu-tsunami_00000189_pre_disaster.json,Full dataset\train\train\labels\palu-tsunami_00000189_post_disaster.json,117,75,0,8,34
hurricane-michael_00000307,minor-damage,minor_damage,hurricane-michael,wind,Full dataset\train\train\images\hurricane-michael_00000307_pre_disaster.png,Full dataset\train\train\images\hurricane-michael_00000307_post_disaster.png,Full dataset\train\train\labels\hurricane-michael_00000307_pre_disaster.json,Full dataset\train\train\labels\hurricane-michael_00000307_post_disaster.json,114,37,40,30,7
hurricane-florence_00000545,no-damage,no_damage,hurricane-florence,flooding,Full dataset\train\train\images\hurricane-florence_00000545_pre_disaster.png,Full dataset\train\train\images\hurricane-florence_00000545_post_disaster.png,Full dataset\train\train\labels\hurricane-florence_00000545_pre_disaster.json,Full dataset\train\train\labels\hurricane-florence_00000545_post_disaster.json,22,22,0,0,0
socal-fire_00001385,major-damage,major_damage,socal-fire,fire,Full dataset\train\train\images\socal-fire_00001385_pre_disaster.png,Full dataset\train\train\images\socal-fire_00001385_post_disaster.png,Full dataset\train\train\labels\socal-fire_00001385_pre_disaster.json,Full dataset\train\train\labels\socal-fire_00001385_post_disaster.json,10,5,0,0,5
hurricane-florence_00000493,major-damage,major_damage,hurricane-florence,flooding,Full dataset\train\train\images\hurricane-florence_00000493_pre_disaster.png,Full dataset\train\train\images\hurricane-florence_00000493_post_disaster.png,Full dataset\train\train\labels\hurricane-florence_00000493_pre_disaster.json,Full dataset\train\train\labels\hurricane-florence_00000493_post_disaster.json,3,0,0,3,0
santa-rosa-wildfire_00000124,destroyed,destroyed,santa-rosa-wildfire,fire,Full dataset\train\train\images\santa-rosa-wildfire_00000124_pre_disaster.png,Full dataset\train\train\images\santa-rosa-wildfire_00000124_post_disaster.png,Full dataset\train\train\labels\santa-rosa-wildfire_00000124_pre_disaster.json,Full dataset\train\train\labels\santa-rosa-wildfire_00000124_post_disaster.json,94,2,0,0,92
hurricane-michael_00000290,minor-damage,minor_damage,hurricane-michael,wind,Full dataset\train\train\images\hurricane-michael_00000290_pre_disaster.png,Full dataset\train\train\images\hurricane-michael_00000290_post_disaster.png,Full dataset\train\train\labels\hurricane-michael_00000290_pre_disaster.json,Full dataset\train\train\labels\hurricane-michael_00000290_post_disaster.json,52,16,26,7,3
hurricane-florence_00000481,major-damage,major_damage,hurricane-florence,flooding,Full dataset\train\train\images\hurricane-florence_00000481_pre_disaster.png,Full dataset\train\train\images\hurricane-florence_00000481_post_disaster.png,Full dataset\train\train\labels\hurricane-florence_00000481_pre_disaster.json,Full dataset\train\train\labels\hurricane-florence_00000481_post_disaster.json,15,0,0,15,0
socal-fire_00000591,no-damage,no_damage,socal-fire,fire,Full dataset\train\train\images\socal-fire_00000591_pre_disaster.png,Full dataset\train\train\images\socal-fire_00000591_post_disaster.png,Full dataset\train\train\labels\socal-fire_00000591_pre_disaster.json,Full dataset\train\train\labels\socal-fire_00000591_post_disaster.json,0,0,0,0,0
santa-rosa-wildfire_00000036,destroyed,destroyed,santa-rosa-wildfire,fire,Full dataset\train\train\images\santa-rosa-wildfire_00000036_pre_disaster.png,Full dataset\train\train\images\santa-rosa-wildfire_00000036_post_disaster.png,Full dataset\train\train\labels\santa-rosa-wildfire_00000036_pre_disaster.json,Full dataset\train\train\labels\santa-rosa-wildfire_00000036_post_disaster.json,116,6,0,0,110
hurricane-matthew_00000090,minor-damage,minor_damage,hurricane-matthew,wind,Full dataset\train\train\images\hurricane-matthew_00000090_pre_disaster.png,Full dataset\train\train\images\hurricane-matthew_00000090_post_disaster.png,Full dataset\train\train\labels\hurricane-matthew_00000090_pre_disaster.json,Full dataset\train\train\labels\hurricane-matthew_00000090_post_disaster.json,51,0,40,7,4
socal-fire_00000081,destroyed,destroyed,socal-fire,fire,Full dataset\train\train\images\socal-fire_00000081_pre_disaster.png,Full dataset\train\train\images\socal-fire_00000081_post_disaster.png,Full dataset\train\train\labels\socal-fire_00000081_pre_disaster.json,Full dataset\train\train\labels\socal-fire_00000081_post_disaster.json,6,0,0,0,6
hurricane-florence_00000426,no-damage,no_damage,hurricane-florence,flooding,Full dataset\train\train\images\hurricane-florence_00000426_pre_disaster.png,Full dataset\train\train\images\hurricane-florence_00000426_post_disaster.png,Full dataset\train\train\labels\hurricane-florence_00000426_pre_disaster.json,Full dataset\train\train\labels\hurricane-florence_00000426_post_disaster.json,80,80,0,0,0
hurricane-matthew_00000215,major-damage,major_damage,hurricane-matthew,wind,Full dataset\train\train\images\hurricane-matthew_00000215_pre_disaster.png,Full dataset\train\train\images\hurricane-matthew_00000215_post_disaster.png,Full dataset\train\train\labels\hurricane-matthew_00000215_pre_disaster.json,Full dataset\train\train\labels\hurricane-matthew_00000215_post_disaster.json,16,1,4,4,7
socal-fire_00001248,destroyed,destroyed,socal-fire,fire,Full dataset\train\train\images\socal-fire_00001248_pre_disaster.png,Full dataset\train\train\images\socal-fire_00001248_post_disaster.png,Full dataset\train\train\labels\socal-fire_00001248_pre_disaster.json,Full dataset\train\train\labels\socal-fire_00001248_post_disaster.json,2,0,0,0,2
socal-fire_00000607,destroyed,destroyed,socal-fire,fire,Full dataset\train\train\images\socal-fire_00000607_pre_disaster.png,Full dataset\train\train\images\socal-fire_00000607_post_disaster.png,Full dataset\train\train\labels\socal-fire_00000607_pre_disaster.json,Full dataset\train\train\labels\socal-fire_00000607_post_disaster.json,5,0,0,0,5
hurricane-harvey_00000260,no-damage,no_damage,hurricane-harvey,flooding,Full dataset\train\train\images\hurricane-harvey_00000260_pre_disaster.png,Full dataset\train\train\images\hurricane-harvey_00000260_post_disaster.png,Full dataset\train\train\labels\hurricane-harvey_00000260_pre_disaster.json,Full dataset\train\train\labels\hurricane-harvey_00000260_post_disaster.json,0,0,0,0,0
socal-fire_00001113,destroyed,destroyed,socal-fire,fire,Full dataset\train\train\images\socal-fire_00001113_pre_disaster.png,Full dataset\train\train\images\socal-fire_00001113_post_disaster.png,Full dataset\train\train\labels\socal-fire_00001113_pre_disaster.json,Full dataset\train\train\labels\socal-fire_00001113_post_disaster.json,1,0,0,0,1
socal-fire_00000763,minor-damage,minor_damage,socal-fire,fire,Full dataset\train\train\images\socal-fire_00000763_pre_disaster.png,Full dataset\train\train\images\socal-fire_00000763_post_disaster.png,Full dataset\train\train\labels\socal-fire_00000763_pre_disaster.json,Full dataset\train\train\labels\socal-fire_00000763_post_disaster.json,4,3,0,0,1
palu-tsunami_00000112,minor-damage,minor_damage,palu-tsunami,tsunami,Full dataset\train\train\images\palu-tsunami_00000112_pre_disaster.png,Full dataset\train\train\images\palu-tsunami_00000112_post_disaster.png,Full dataset\train\train\labels\palu-tsunami_00000112_pre_disaster.json,Full dataset\train\train\labels\palu-tsunami_00000112_post_disaster.json,217,105,1,20,91
hurricane-harvey_00000477,major-damage,major_damage,hurricane-harvey,flooding,Full dataset\train\train\images\hurricane-harvey_00000477_pre_disaster.png,Full dataset\train\train\images\hurricane-harvey_00000477_post_disaster.png,Full dataset\train\train\labels\hurricane-harvey_00000477_pre_disaster.json,Full dataset\train\train\labels\hurricane-harvey_00000477_post_disaster.json,231,26,57,148,0
midwest-flooding_00000005,destroyed,destroyed,midwest-flooding,flooding,Full dataset\train\train\images\midwest-flooding_00000005_pre_disaster.png,Full dataset\train\train\images\midwest-flooding_00000005_post_disaster.png,Full dataset\train\train\labels\midwest-flooding_00000005_pre_disaster.json,Full dataset\train\train\labels\midwest-flooding_00000005_post_disaster.json,3,0,0,0,3
midwest-flooding_00000125,no-damage,no_damage,midwest-flooding,flooding,Full dataset\train\train\images\midwest-flooding_00000125_pre_disaster.png,Full dataset\train\train\images\midwest-flooding_00000125_post_disaster.png,Full dataset\train\train\labels\midwest-flooding_00000125_pre_disaster.json,Full dataset\train\train\labels\midwest-flooding_00000125_post_disaster.json,5,5,0,0,0
hurricane-michael_00000392,minor-damage,minor_damage,hurricane-michael,wind,Full dataset\train\train\images\hurricane-michael_00000392_pre_disaster.png,Full dataset\train\train\images\hurricane-michael_00000392_post_disaster.png,Full dataset\train\train\labels\hurricane-michael_00000392_pre_disaster.json,Full dataset\train\train\labels\hurricane-michael_00000392_post_disaster.json,6,3,3,0,0
hurricane-michael_00000247,minor-damage,minor_damage,hurricane-michael,wind,Full dataset\train\train\images\hurricane-michael_00000247_pre_disaster.png,Full dataset\train\train\images\hurricane-michael_00000247_post_disaster.png,Full dataset\train\train\labels\hurricane-michael_00000247_pre_disaster.json,Full dataset\train\train\labels\hurricane-michael_00000247_post_disaster.json,177,52,60,45,20
socal-fire_00001067,no-damage,no_damage,socal-fire,fire,Full dataset\train\train\images\socal-fire_00001067_pre_disaster.png,Full dataset\train\train\images\socal-fire_00001067_post_disaster.png,Full dataset\train\train\labels\socal-fire_00001067_pre_disaster.json,Full dataset\train\train\labels\socal-fire_00001067_post_disaster.json,0,0,0,0,0
hurricane-michael_00000092,minor-damage,minor_damage,hurricane-michael,wind,Full dataset\train\train\images\hurricane-michael_00000092_pre_disaster.png,Full dataset\train\train\images\hurricane-michael_00000092_post_disaster.png,Full dataset\train\train\labels\hurricane-michael_00000092_pre_disaster.json,Full dataset\train\train\labels\hurricane-michael_00000092_post_disaster.json,84,45,12,20,7
socal-fire_00000904,minor-damage,minor_damage,socal-fire,fire,Full dataset\train\train\images\socal-fire_00000904_pre_disaster.png,Full dataset\train\train\images\socal-fire_00000904_post_disaster.png,Full dataset\train\train\labels\socal-fire_00000904_pre_disaster.json,Full dataset\train\train\labels\socal-fire_00000904_post_disaster.json,14,10,0,0,4
hurricane-harvey_00000437,major-damage,major_damage,hurricane-harvey,flooding,Full dataset\train\train\images\hurricane-harvey_00000437_pre_disaster.png,Full dataset\train\train\images\hurricane-harvey_00000437_post_disaster.png,Full dataset\train\train\labels\hurricane-harvey_00000437_pre_disaster.json,Full dataset\train\train\labels\hurricane-harvey_00000437_post_disaster.json,212,0,0,205,7
hurricane-michael_00000045,minor-damage,minor_damage,hurricane-michael,wind,Full dataset\train\train\images\hurricane-michael_00000045_pre_disaster.png,Full dataset\train\train\images\hurricane-michael_00000045_post_disaster.png,Full dataset\train\train\labels\hurricane-michael_00000045_pre_disaster.json,Full dataset\train\train\labels\hurricane-michael_00000045_post_disaster.json,41,7,23,0,11
midwest-flooding_00000012,major-damage,major_damage,midwest-flooding,flooding,Full dataset\train\train\images\midwest-flooding_00000012_pre_disaster.png,Full dataset\train\train\images\midwest-flooding_00000012_post_disaster.png,Full dataset\train\train\labels\midwest-flooding_00000012_pre_disaster.json,Full dataset\train\train\labels\midwest-flooding_00000012_post_disaster.json,3,1,0,0,2
santa-rosa-wildfire_00000047,destroyed,destroyed,santa-rosa-wildfire,fire,Full dataset\train\train\images\santa-rosa-wildfire_00000047_pre_disaster.png,Full dataset\train\train\images\santa-rosa-wildfire_00000047_post_disaster.png,Full dataset\train\train\labels\santa-rosa-wildfire_00000047_pre_disaster.json,Full dataset\train\train\labels\santa-rosa-wildfire_00000047_post_disaster.json,35,0,1,0,34
